--------- beginning of main
10-04 15:17:25.025  2337  2337 I Unity   : applyWindowUIChanges fullScreen = true, renderOutsideSafeArea = true
10-04 15:17:25.468  2337  2337 V Unity   : Context Type: GameActivity
10-04 15:17:25.471  2337  2337 D Unity   : CommandLine:  
10-04 15:17:25.492  2337  2472 I Unity   : UnityApplication::CreateInstance
10-04 15:17:25.492  2337  2472 I Unity   : GameActivity Package Version '4.4.0'
10-04 15:17:25.495  2337  2472 I Unity   : Starting Game Loop
10-04 15:17:25.565  2337  2472 I Unity   : Handle cmd APP_CMD_START(11)
10-04 15:17:25.567  2337  2337 I Unity   : onResume
10-04 15:17:25.573  2337  2472 I Unity   : Handle cmd APP_CMD_RESUME(12)
10-04 15:17:25.609  2337  2472 I Unity   : Handle cmd APP_CMD_WINDOW_INSETS_CHANGED(17)
10-04 15:17:25.638  2337  2472 I Unity   : Handle cmd APP_CMD_WINDOW_INSETS_CHANGED(17)
10-04 15:17:25.640  2337  2472 I Unity   : Handle cmd APP_CMD_CONTENT_RECT_CHANGED(5)
10-04 15:17:25.647  2337  2472 I Unity   : Handle cmd APP_CMD_INIT_WINDOW(1)
10-04 15:17:25.741  2337  2472 I Unity   : MemoryManager: Using 'Dynamic Heap' Allocator.
10-04 15:17:25.743  2337  2472 D Unity   : [UnityMemory] Configuration Parameters - Can be set up in boot.config
10-04 15:17:25.743  2337  2472 D Unity   :     "memorysetup-allocator-temp-initial-block-size-main=262144"
10-04 15:17:25.743  2337  2472 D Unity   :     "memorysetup-allocator-temp-initial-block-size-worker=262144"
10-04 15:17:25.743  2337  2472 D Unity   :     "memorysetup-temp-allocator-size-background-worker=32768"
10-04 15:17:25.743  2337  2472 D Unity   :     "memorysetup-temp-allocator-size-job-worker=262144"
10-04 15:17:25.743  2337  2472 D Unity   :     "memorysetup-temp-allocator-size-preload-manager=262144"
10-04 15:17:25.743  2337  2472 D Unity   :     "memorysetup-remapper-allocator-initial-capacity=32768"
10-04 15:17:25.743  2337  2472 D Unity   :     "memorysetup-temp-allocator-size-nav-mesh-worker=65536"
10-04 15:17:25.743  2337  2472 D Unity   :     "memorysetup-temp-allocator-size-audio-worker=65536"
10-04 15:17:25.744  2337  2472 D Unity   :     "memorysetup-temp-allocator-size-cloud-worker=32768"
10-04 15:17:25.744  2337  2472 D Unity   :     "memorysetup-bucket-allocator-granularity=16"
10-04 15:17:25.744  2337  2472 D Unity   :     "memorysetup-bucket-allocator-bucket-count=8"
10-04 15:17:25.744  2337  2472 D Unity   :     "memorysetup-bucket-allocator-block-size=4194304"
10-04 15:17:25.744  2337  2472 D Unity   :     "memorysetup-bucket-allocator-block-count=1"
10-04 15:17:25.744  2337  2472 D Unity   :     "memorysetup-main-allocator-block-size=16777216"
10-04 15:17:25.747  2337  2472 D Unity   :     "memorysetup-thread-allocator-block-size=16777216"
10-04 15:17:25.747  2337  2472 D Unity   :     "memorysetup-gfx-main-allocator-block-size=16777216"
10-04 15:17:25.747  2337  2472 D Unity   :     "memorysetup-gfx-thread-allocator-block-size=16777216"
10-04 15:17:25.747  2337  2472 D Unity   :     "memorysetup-cache-allocator-block-size=4194304"
10-04 15:17:25.747  2337  2472 D Unity   :     "memorysetup-typetree-allocator-block-size=2097152"
10-04 15:17:25.747  2337  2472 D Unity   :     "memorysetup-profiler-bucket-allocator-granularity=16"
10-04 15:17:25.747  2337  2472 D Unity   :     "memorysetup-profiler-bucket-allocator-bucket-count=8"
10-04 15:17:25.747  2337  2472 D Unity   :     "memorysetup-profiler-bucket-allocator-block-size=4194304"
10-04 15:17:25.747  2337  2472 D Unity   :     "memorysetup-profiler-bucket-allocator-block-count=1"
10-04 15:17:25.747  2337  2472 D Unity   :     "memorysetup-profiler-allocator-block-size=16777216"
10-04 15:17:25.770  2337  2472 D Unity   :     "memorysetup-profiler-editor-allocator-block-size=1048576"
10-04 15:17:25.770  2337  2472 D Unity   :     "memorysetup-temp-allocator-size-main=4194304"
10-04 15:17:25.770  2337  2472 D Unity   :     "memorysetup-job-temp-allocator-block-size=2097152"
10-04 15:17:25.770  2337  2472 D Unity   :     "memorysetup-job-temp-allocator-block-size-background=1048576"
10-04 15:17:25.770  2337  2472 D Unity   :     "memorysetup-job-temp-allocator-reduction-small-platforms=262144"
10-04 15:17:25.770  2337  2472 D Unity   :     "memorysetup-temp-allocator-size-gfx=262144"
10-04 15:17:25.795  2337  2337 I Unity   : windowFocusChanged: true
10-04 15:17:25.796  2337  2337 I Unity   : applyWindowUIChanges fullScreen = true, renderOutsideSafeArea = true
10-04 15:17:25.796  2337  2337 I Unity   : resumeUnity
10-04 15:17:26.122  2337  2472 D Unity   : Enabling Unity systrace
10-04 15:17:26.123  2337  2472 D Unity   : Starting Unity systrace
10-04 15:17:26.299  2337  2472 I Unity   : SetGameState: isLoading: true, mode: UNKNOWN, label: -2, quality: -1
10-04 15:17:26.363  2337  2472 D Unity   : [VFS] Mount /data/app/~~Vj8MJCStP9aPotb6vdLEIQ==/com.DefaultCompany.urp_2d-0zCYXEAhzfA-Ks8dwi79PA==/base.apk
10-04 15:17:26.480  2337  2337 I Unity   : windowFocusChanged: false
10-04 15:17:26.595  2337  2337 I Unity   : applyWindowUIChanges fullScreen = true, renderOutsideSafeArea = true
10-04 15:17:26.599  2337  2472 I Unity   : SystemInfo CPU = x86-64 SSE3 SSE4.1 AVX, Cores = 2, Memory = 2976mb
10-04 15:17:26.599  2337  2472 I Unity   : SystemInfo ARM big.LITTLE configuration: 2 big (mask: 0x3), 0 little (mask: 0x0)
10-04 15:17:26.600  2337  2472 I Unity   : ApplicationInfo 'com.DefaultCompany.urp_2d', Version '1.0', Min API Level '25', Target API Level '36'
10-04 15:17:26.613  2337  2472 I Unity   : Built from '6000.3/staging' branch, Version '6000.3.25f1 (e1dba0a9aba4)', Build type 'Development', Scripting Backend 'il2cpp', CPU 'arm64-v8a', Stripping 'Enabled'
10-04 15:17:26.613  2337  2472 I Unity   : Device Model 'Google sdk_gphone64_x86_64', OS 'Android OS 15 (API 35)'
10-04 15:17:26.647  2337  2472 D Unity   : Determine if il2cpp resources need to extracted:
10-04 15:17:26.680  2337  2472 D Unity   :     il2cpp resources are up to date, not extracting
10-04 15:17:27.299  2337  2472 D Unity   : [EGL] Attaching window :0x787d54db0750
10-04 15:17:27.299  2337  2472 D Unity   : InitializeScriptEngine OK (0x787fc2ab8fc0)
10-04 15:17:27.307  2337  2472 D Unity   : Found 2 interfaces on host :
10-04 15:17:27.308  2337  2472 D Unity   :  0) 10.0.2.15
10-04 15:17:27.308  2337  2472 D Unity   :  1) 10.0.2.16
10-04 15:17:27.308  2337  2472 D Unity   : 
10-04 15:17:27.312  2337  2472 D Unity   : Player connection [132476414372032]  Target information:
10-04 15:17:27.312  2337  2472 D Unity   : 
10-04 15:17:27.312  2337  2472 D Unity   : Player connection [132476414372032]  * "[IP] 10.0.2.15 [Port] 55000 [Flags] 2 [Guid] 511941544 [EditorId] 1623866242 [Version] 1048832 [Id] AndroidPlayer(11,Google_sdk_gphone64_x86_64@10.0.2.16) [Debug] 0 [PackageName] AndroidPlayer [ProjectName] Startup Life" 
10-04 15:17:27.312  2337  2472 D Unity   : 
10-04 15:17:27.312  2337  2472 D Unity   : Player connection [132476414372032]  * "[IP] 10.0.2.16 [Port] 55000 [Flags] 2 [Guid] 511941544 [EditorId] 1623866242 [Version] 1048832 [Id] AndroidPlayer(11,Google_sdk_gphone64_x86_64@10.0.2.16) [Debug] 0 [PackageName] AndroidPlayer [ProjectName] Startup Life" 
10-04 15:17:27.312  2337  2472 D Unity   : 
10-04 15:17:27.313  2337  2472 D Unity   : Player connection [132476414372032] Started UDP target info broadcast (1) on [225.0.0.222:54997].
10-04 15:17:27.313  2337  2472 D Unity   : 
10-04 15:17:27.442  2337  2472 D Unity   : Input System module state changed to: Initialized.
10-04 15:17:27.488  2337  2472 D Unity   : [Physics::Module] Initialized fallback backend.
10-04 15:17:27.488  2337  2472 D Unity   : [Physics::Module] Id: 0xdecafbad
10-04 15:17:27.586  2337  2472 D Unity   : PlayerInitEngineNoGraphics OK
10-04 15:17:27.586  2337  2472 I Unity   : Company Name: Startup Life
10-04 15:17:27.587  2337  2472 I Unity   : Product Name: Startup Life
10-04 15:17:27.587  2337  2472 D Unity   : AndroidGraphics::Startup window =  0x787d54db0750
10-04 15:17:27.587  2337  2472 D Unity   : [EGL] Attaching window :0x787d54db0750
10-04 15:17:27.589  2337  2337 I Unity   : applyWindowUIChanges fullScreen = true, renderOutsideSafeArea = true
10-04 15:17:27.597  2337  2472 D Unity   : [Subsystems] Discovering subsystems at path /data/app/~~Vj8MJCStP9aPotb6vdLEIQ==/com.DefaultCompany.urp_2d-0zCYXEAhzfA-Ks8dwi79PA==/base.apk/assets/bin/Data/UnitySubsystems
10-04 15:17:27.644  2337  2472 D Unity   : [Vulkan init] extensions: count=13
10-04 15:17:27.646  2337  2472 D Unity   : [Vulkan init] extensions: name=VK_EXT_debug_report [enabled=0, external=0]
10-04 15:17:27.647  2337  2472 D Unity   : [Vulkan init] extensions: name=VK_EXT_debug_utils [enabled=1, external=0]
10-04 15:17:27.647  2337  2472 D Unity   : [Vulkan init] extensions: name=VK_EXT_surface_maintenance1 [enabled=0, external=0]
10-04 15:17:27.647  2337  2472 D Unity   : [Vulkan init] extensions: name=VK_EXT_swapchain_colorspace [enabled=1, external=0]
10-04 15:17:27.648  2337  2472 D Unity   : [Vulkan init] extensions: name=VK_GOOGLE_surfaceless_query [enabled=0, external=0]
10-04 15:17:27.648  2337  2472 D Unity   : [Vulkan init] extensions: name=VK_KHR_android_surface [enabled=1, external=0]
10-04 15:17:27.648  2337  2472 D Unity   : [Vulkan init] extensions: name=VK_KHR_external_fence_capabilities [enabled=1, external=0]
10-04 15:17:27.648  2337  2472 D Unity   : [Vulkan init] extensions: name=VK_KHR_external_memory_capabilities [enabled=1, external=0]
10-04 15:17:27.648  2337  2472 D Unity   : [Vulkan init] extensions: name=VK_KHR_external_semaphore_capabilities [enabled=1, external=0]
10-04 15:17:27.648  2337  2472 D Unity   : [Vulkan init] extensions: name=VK_KHR_get_physical_device_properties2 [enabled=1, external=0]
10-04 15:17:27.648  2337  2472 D Unity   : [Vulkan init] extensions: name=VK_KHR_get_surface_capabilities2 [enabled=0, external=0]
10-04 15:17:27.648  2337  2472 D Unity   : [Vulkan init] extensions: name=VK_KHR_surface [enabled=1, external=0]
10-04 15:17:27.648  2337  2472 D Unity   : [Vulkan init] extensions: name=VK_KHR_surface_protected_capabilities [enabled=0, external=0]
10-04 15:17:27.668  2337  2472 D Unity   : [Vulkan init] SelectPhysicalDevice requestedDeviceIndex=-1 xrDevice=0x0
10-04 15:17:27.669  2337  2472 D Unity   : [Vulkan init] Physical Device 0x787e84de0650 [0]: "llvmpipe (LLVM 21.1.2, 256 bits)" deviceType=4 vendorID=10005 deviceID=0
10-04 15:17:27.670  2337  2472 D Unity   : Vulkan detection: 0
10-04 15:17:27.698  2337  2472 D Unity   : [EGL] Request: ES 3.2 RGB 000 0/0
10-04 15:17:27.698  2337  2472 D Unity   : [EGL] Checking ES 3.2 support...
10-04 15:17:27.699  2337  2472 D Unity   : [EGL] ES3.2 not supported
10-04 15:17:27.699  2337  2472 D Unity   : [EGL] Request: ES 3.1+AEP RGB 000 0/0
10-04 15:17:27.699  2337  2472 D Unity   : [EGL] Checking ES 3.1 support...
10-04 15:17:27.699  2337  2472 D Unity   : [EGL] ES3.1 not supported
10-04 15:17:27.699  2337  2472 D Unity   : [EGL] Request: ES 3.1 RGB 000 0/0
10-04 15:17:27.701  2337  2472 D Unity   : [EGL] Request: ES 3.0 RGB 000 0/0
10-04 15:17:27.702  2337  2472 D Unity   : [EGL] Found: ID[7] ES 3.0 RGB 565 24/8
10-04 15:17:27.706  2337  2472 D Unity   : GfxDevice: creating device client; kGfxThreadingModeThreaded
10-04 15:17:27.711  2337  2472 D Unity   : [EGL] Request: ES 3.2 RGB 000 0/0
10-04 15:17:27.712  2337  2472 D Unity   : [EGL] Request: ES 3.1+AEP RGB 000 0/0
10-04 15:17:27.712  2337  2472 D Unity   : [EGL] Request: ES 3.1 RGB 000 0/0
10-04 15:17:27.712  2337  2472 D Unity   : [EGL] Request: ES 3.0 RGB 000 0/0
10-04 15:17:27.713  2337  2472 D Unity   : [EGL] Found: ID[7] ES 3.0 RGB 565 24/8
10-04 15:17:27.716  2337  2472 D Unity   : [EGL] Request: ES 3.0 RGBA 8888 0/0
10-04 15:17:27.718  2337  2472 D Unity   : [EGL] Found: ID[2] ES 3.0 RGBA 8888 24/8
10-04 15:17:27.721  2337  2472 D Unity   : ANativeWindow: (1080/1920) RequestedResolution: (0/0) RenderingResolution: (0/0) EGLSurface: (1080/1920)
10-04 15:17:27.761  2337  2472 D Unity   : Renderer: Android Emulator OpenGL ES Translator (Google SwiftShader)
10-04 15:17:27.761  2337  2472 D Unity   : Vendor:   Google (Google Inc.)
10-04 15:17:27.761  2337  2472 D Unity   : Version:  OpenGL ES 3.0 (OpenGL ES 3.0 SwiftShader 4.0.0.1)
10-04 15:17:27.761  2337  2472 D Unity   : GLES:     3
10-04 15:17:27.761  2337  2472 D Unity   :  GL_EXT_debug_marker GL_EXT_robustness GL_OES_EGL_sync GL_OES_EGL_image GL_OES_EGL_image_external GL_OES_depth24 GL_OES_depth32 GL_OES_element_index_uint GL_OES_texture_float GL_OES_texture_float_linear GL_OES_compressed_paletted_texture GL_OES_compressed_ETC1_RGB8_texture GL_OES_depth_texture GL_OES_texture_half_float GL_OES_texture_half_float_linear GL_OES_packed_depth_stencil GL_OES_vertex_half_float GL_OES_standard_derivatives GL_OES_texture_npot GL_OES_rgb8_rgba8 GL_EXT_color_buffer_float GL_EXT_color_buffer_half_float GL_EXT_texture_format_BGRA8888 GL_APPLE_texture_format_BGRA8888 ANDROID_EMU_CHECKSUM_HELPER_v1 ANDROID_EMU_native_sync_v2 ANDROID_EMU_dma_v1 ANDROID_EMU_direct_mem ANDROID_EMU_host_composition_v1 ANDROID_EMU_host_composition_v2 ANDROID_EMU_vulkan ANDROID_EMU_deferred_vulkan_commands ANDROID_EMU_vulkan_null_optional_strings ANDROID_EMU_vulkan_create_resources_with_requirements ANDROID_EMU_YUV_Cache ANDROID_EMU_vulkan_ignored_handles ANDROID_EMU_has_shared_slots_host_memory_allocator ANDROI
10-04 15:17:27.761  2337  2472 D Unity   : D_EMU_vulkan_free_memory_sync ANDROID_EMU_vulkan_shader_float16_int8 ANDROID_EMU_vulkan_async_queue_submit ANDROID_EMU_vulkan_queue_submit_with_commands ANDROID_EMU_sync_buffer_data ANDROID_EMU_vulkan_async_qsri ANDROID_EMU_read_color_buffer_dma ANDROID_EMU_hwc_multi_configs ANDROID_EMU_hwc_color_transform GL_OES_EGL_image_external_essl3 GL_OES_vertex_array_object GL_KHR_texture_compression_astc_ldr ANDROID_EMU_host_side_tracing ANDROID_EMU_gles_max_version_3_0
10-04 15:17:27.771  2337  2472 D Unity   : OPENGL LOG: Creating OpenGL ES 3.0 graphics device ; Context level  <OpenGL ES 3.0> ; Context handle -186886992
10-04 15:17:27.786  2337  2472 D Unity   : [EGL] Attaching window :0x787d54db0750
10-04 15:17:27.789  2337  2472 D Unity   : Requested framebuffer: resolution[1080x1920], rgba[8/8/8/8], depth+stencil[on], samples[1]
10-04 15:17:27.790  2337  2472 D Unity   : Created framebuffer: resolution[1080x1920], rgba[8/8/8/8], depth+stencil[24/8], samples[0] 
10-04 15:17:27.839  2337  2472 D Unity   : SwappyWrapper: InitSwappyWrapper() succeeded.
10-04 15:17:27.859  2337  2472 D Unity   : [EGL] Attaching window :0x787d54db0750
10-04 15:17:27.860  2337  2472 D Unity   : Initialize engine version: 6000.3.25f1 (e1dba0a9aba4)
10-04 15:17:29.110  2337  2472 D Unity   : [Physics::Module] Selected backend.
10-04 15:17:29.110  2337  2472 D Unity   : [Physics::Module] Name: PhysX
10-04 15:17:29.110  2337  2472 D Unity   : [Physics::Module] Id: 0xf2b8ea05
10-04 15:17:29.110  2337  2472 D Unity   : [Physics::Module] SDK Version: 4.1.2
10-04 15:17:29.110  2337  2472 D Unity   : [Physics::Module] Integration Version: 1.0.0
10-04 15:17:29.110  2337  2472 D Unity   : [Physics::Module] Threading Mode: Multi-Threaded
10-04 15:17:29.958  2337  2472 D Unity   : ERROR: Shader 
10-04 15:17:29.958  2337  2472 D Unity   : Hidden/CoreSRP/CoreCopy shader is not supported on this GPU (none of subshaders/fallbacks are suitable)
10-04 15:17:30.269  2337  2472 D Unity   : ERROR: Shader 
10-04 15:17:30.269  2337  2472 D Unity   : Hidden/Universal/HDRDebugView shader is not supported on this GPU (none of subshaders/fallbacks are suitable)
10-04 15:17:30.449  2337  2472 D Unity   : PlayerInitEngineGraphics OK
10-04 15:17:30.496  2337  2472 I Unity   : SetGameState: isLoading: false, mode: UNKNOWN, label: -1, quality: 2
10-04 15:17:30.496  2337  2472 I Unity   :     HasWindow = 1, HasFocus = 0
10-04 15:17:30.496  2337  2472 I Unity   : Handle cmd APP_CMD_WINDOW_RESIZED(3)
10-04 15:17:30.497  2337  2472 D Unity   : NativeWindow resized 1080x1920
10-04 15:17:30.497  2337  2472 I Unity   : Handle cmd APP_CMD_WINDOW_REDRAW_NEEDED(4)
10-04 15:17:30.497  2337  2472 I Unity   : Handle cmd APP_CMD_GAINED_FOCUS(7)
10-04 15:17:30.497  2337  2472 I Unity   : Handle cmd APP_CMD_LOST_FOCUS(8)
10-04 15:17:30.497  2337  2472 I Unity   : Handle cmd APP_CMD_WINDOW_INSETS_CHANGED(17)
10-04 15:17:41.301  2337  2337 I Unity   : windowFocusChanged: true
10-04 15:17:41.301  2337  2337 I Unity   : applyWindowUIChanges fullScreen = true, renderOutsideSafeArea = true
10-04 15:17:41.302  2337  2472 I Unity   : Handle cmd APP_CMD_GAINED_FOCUS(7)
10-04 15:17:41.320  2337  2472 D Unity   : ANativeWindow: (1080/1920) RequestedResolution: (0/0) RenderingResolution: (0/0) EGLSurface: (1080/1920)
10-04 15:17:41.677  2337  2472 I Unity   : SetGameState: isLoading: true, mode: UNKNOWN, label: 0, quality: 2
10-04 15:17:43.782  2337  2472 D Unity   : UnloadTime: 10.511200 ms
10-04 15:17:44.916  2337  2472 I Unity   : SetGameState: isLoading: true, mode: UNKNOWN, label: -4, quality: 2
10-04 15:17:45.262  2337  2472 I Unity   : SetGameState: isLoading: false, mode: UNKNOWN, label: 0, quality: 2
10-04 15:17:45.273  2337  2472 D Unity   : Using NDK Choreographer.
10-04 15:17:45.294  2337  2472 D Unity   : Stopping Unity systrace
10-04 15:18:57.078  2337  2472 W Unity   : Hiding input field is not supported when using Game Activity.
10-04 15:18:57.078  2337  2472 W Unity   : TMPro.TMP_InputField:ActivateInputFieldInternal()
10-04 15:18:57.078  2337  2472 W Unity   : TMPro.TMP_InputField:LateUpdate()
10-04 15:18:57.078  2337  2472 W Unity   : 
10-04 15:18:57.078  2337  2472 W Unity   : [ line -1753697416]
10-04 15:18:57.078  2337  2472 W Unity   : 
10-04 15:18:57.488  2337  2472 W Unity   : Timeout while waiting for keyboard to become visible
10-04 15:18:58.054  2337  2472 I Unity   : Handle cmd APP_CMD_SOFTWARE_KB_VIS_CHANGED(6)
10-04 15:18:58.056  2337  2472 I Unity   :     Keyboard Visible = False
10-04 15:18:58.057  2337  2472 I Unity   : Handle cmd APP_CMD_WINDOW_INSETS_CHANGED(17)
10-04 15:18:58.058  2337  2472 I Unity   : Handle cmd APP_CMD_WINDOW_INSETS_CHANGED(17)
10-04 15:18:58.058  2337  2472 I Unity   : Handle cmd APP_CMD_SOFTWARE_KB_VIS_CHANGED(6)
10-04 15:18:58.059  2337  2472 I Unity   :     Keyboard Visible = False
10-04 15:18:58.059  2337  2472 I Unity   : Handle cmd APP_CMD_WINDOW_INSETS_CHANGED(17)
10-04 15:18:58.074  2337  2472 I Unity   : Handle cmd APP_CMD_WINDOW_INSETS_CHANGED(17)
10-04 15:19:24.646  2337  2472 I Unity   : Handle cmd APP_CMD_SOFTWARE_KB_VIS_CHANGED(6)
10-04 15:19:24.647  2337  2472 I Unity   :     Keyboard Visible = True
10-04 15:19:24.653  2337  2472 I Unity   : Handle cmd APP_CMD_WINDOW_INSETS_CHANGED(17)
10-04 15:19:24.676  2337  2472 I Unity   : Handle cmd APP_CMD_WINDOW_INSETS_CHANGED(17)
10-04 15:19:48.751  2337  2472 I Unity   : Handle cmd APP_CMD_SOFTWARE_KB_VIS_CHANGED(6)
10-04 15:19:48.751  2337  2472 I Unity   :     Keyboard Visible = False
10-04 15:19:48.751  2337  2472 I Unity   : Handle cmd APP_CMD_WINDOW_INSETS_CHANGED(17)
10-04 15:19:48.784  2337  2472 I Unity   : Handle cmd APP_CMD_WINDOW_INSETS_CHANGED(17)
10-04 15:21:54.660  2337  2337 I Unity   : onPause
10-04 15:21:54.663  2337  2337 I Unity   : pauseUnity
10-04 15:21:54.666  2337  2472 I Unity   : Handle cmd APP_CMD_PAUSE(14)
10-04 15:21:54.690  2337  2337 I Unity   : windowFocusChanged: false
10-04 15:21:54.777  2337  3179 D Unity   : ChoreographerNDK: Ignoring event, since Choreographer is disabled
10-04 15:21:54.785  2337  2472 I Unity   : SetGameState: isLoading: false, mode: CONTENT, label: -6, quality: 2
10-04 15:21:54.793  2337  2472 I Unity   : Handle cmd APP_CMD_LOST_FOCUS(8)
10-04 15:21:55.172  2337  2472 I Unity   : Handle cmd APP_CMD_TERM_WINDOW(2)
10-04 15:21:55.174  2337  2472 D Unity   : [EGL] Attaching window :0x0
10-04 15:21:55.182  2337  2337 D Unity   : PersistentUnitySurface.preserveContent: com.unity3d.player.UnityPlayerGameActivity$GameActivitySurfaceView{a001b61 VFE...... .F....I. 0,0-1080,1920 #7f080125 app:id/unitySurfaceView aid=1073741824}
10-04 15:21:55.183  2337  2337 D Unity   : PersistentUnitySurface.PlaceholderView.Copy: com.unity3d.player.UnityPlayerGameActivity$GameActivitySurfaceView{a001b61 VFE...... .F....I. 0,0-1080,1920 #7f080125 app:id/unitySurfaceView aid=1073741824} Width 1080  Height 1920
10-04 15:21:55.321  2337  4666 D Unity   : PixelCopy finished: 0
10-04 15:21:55.339  2337  2472 I Unity   : Handle cmd APP_CMD_LOW_MEMORY(10)
10-04 15:21:55.340  2337  2472 I Unity   : Handle cmd APP_CMD_STOP(15)
10-04 15:21:55.341  2337  2472 I Unity   : Handle cmd APP_CMD_SAVE_STATE(13)
10-04 15:21:58.382  5001  5001 I Unity   : applyWindowUIChanges fullScreen = true, renderOutsideSafeArea = true
10-04 15:21:58.717  5001  5001 V Unity   : Context Type: GameActivity
10-04 15:21:58.721  5001  5001 D Unity   : CommandLine:  
10-04 15:21:58.740  5001  5088 I Unity   : UnityApplication::CreateInstance
10-04 15:21:58.740  5001  5088 I Unity   : GameActivity Package Version '4.4.0'
10-04 15:21:58.745  5001  5088 I Unity   : Starting Game Loop
10-04 15:21:58.786  5001  5088 I Unity   : Handle cmd APP_CMD_START(11)
10-04 15:21:58.787  5001  5001 I Unity   : onResume
10-04 15:21:58.790  5001  5088 I Unity   : Handle cmd APP_CMD_RESUME(12)
10-04 15:21:58.805  5001  5088 I Unity   : Handle cmd APP_CMD_WINDOW_INSETS_CHANGED(17)
10-04 15:21:58.813  5001  5088 I Unity   : Handle cmd APP_CMD_WINDOW_INSETS_CHANGED(17)
10-04 15:21:58.816  5001  5088 I Unity   : Handle cmd APP_CMD_CONTENT_RECT_CHANGED(5)
10-04 15:21:58.816  5001  5088 I Unity   : Handle cmd APP_CMD_INIT_WINDOW(1)
10-04 15:21:58.874  5001  5088 I Unity   : MemoryManager: Using 'Dynamic Heap' Allocator.
10-04 15:21:58.882  5001  5088 D Unity   : [UnityMemory] Configuration Parameters - Can be set up in boot.config
10-04 15:21:58.882  5001  5088 D Unity   :     "memorysetup-allocator-temp-initial-block-size-main=262144"
10-04 15:21:58.883  5001  5088 D Unity   :     "memorysetup-allocator-temp-initial-block-size-worker=262144"
10-04 15:21:58.883  5001  5088 D Unity   :     "memorysetup-temp-allocator-size-background-worker=32768"
10-04 15:21:58.887  5001  5088 D Unity   :     "memorysetup-temp-allocator-size-job-worker=262144"
10-04 15:21:58.888  5001  5088 D Unity   :     "memorysetup-temp-allocator-size-preload-manager=262144"
10-04 15:21:58.888  5001  5088 D Unity   :     "memorysetup-remapper-allocator-initial-capacity=32768"
10-04 15:21:58.888  5001  5088 D Unity   :     "memorysetup-temp-allocator-size-nav-mesh-worker=65536"
10-04 15:21:58.888  5001  5088 D Unity   :     "memorysetup-temp-allocator-size-audio-worker=65536"
10-04 15:21:58.888  5001  5088 D Unity   :     "memorysetup-temp-allocator-size-cloud-worker=32768"
10-04 15:21:58.889  5001  5088 D Unity   :     "memorysetup-bucket-allocator-granularity=16"
10-04 15:21:58.889  5001  5088 D Unity   :     "memorysetup-bucket-allocator-bucket-count=8"
10-04 15:21:58.889  5001  5088 D Unity   :     "memorysetup-bucket-allocator-block-size=4194304"
10-04 15:21:58.889  5001  5088 D Unity   :     "memorysetup-bucket-allocator-block-count=1"
10-04 15:21:58.890  5001  5088 D Unity   :     "memorysetup-main-allocator-block-size=16777216"
10-04 15:21:58.890  5001  5088 D Unity   :     "memorysetup-thread-allocator-block-size=16777216"
10-04 15:21:58.890  5001  5088 D Unity   :     "memorysetup-gfx-main-allocator-block-size=16777216"
10-04 15:21:58.890  5001  5088 D Unity   :     "memorysetup-gfx-thread-allocator-block-size=16777216"
10-04 15:21:58.890  5001  5088 D Unity   :     "memorysetup-cache-allocator-block-size=4194304"
10-04 15:21:58.890  5001  5088 D Unity   :     "memorysetup-typetree-allocator-block-size=2097152"
10-04 15:21:58.891  5001  5088 D Unity   :     "memorysetup-profiler-bucket-allocator-granularity=16"
10-04 15:21:58.891  5001  5088 D Unity   :     "memorysetup-profiler-bucket-allocator-bucket-count=8"
10-04 15:21:58.891  5001  5088 D Unity   :     "memorysetup-profiler-bucket-allocator-block-size=4194304"
10-04 15:21:58.891  5001  5088 D Unity   :     "memorysetup-profiler-bucket-allocator-block-count=1"
10-04 15:21:58.891  5001  5088 D Unity   :     "memorysetup-profiler-allocator-block-size=16777216"
10-04 15:21:58.891  5001  5088 D Unity   :     "memorysetup-profiler-editor-allocator-block-size=1048576"
10-04 15:21:58.891  5001  5088 D Unity   :     "memorysetup-temp-allocator-size-main=4194304"
10-04 15:21:58.892  5001  5088 D Unity   :     "memorysetup-job-temp-allocator-block-size=2097152"
10-04 15:21:58.892  5001  5088 D Unity   :     "memorysetup-job-temp-allocator-block-size-background=1048576"
10-04 15:21:58.892  5001  5088 D Unity   :     "memorysetup-job-temp-allocator-reduction-small-platforms=262144"
10-04 15:21:58.892  5001  5088 D Unity   :     "memorysetup-temp-allocator-size-gfx=262144"
10-04 15:21:58.905  5001  5001 I Unity   : windowFocusChanged: true
10-04 15:21:58.906  5001  5001 I Unity   : applyWindowUIChanges fullScreen = true, renderOutsideSafeArea = true
10-04 15:21:58.906  5001  5001 I Unity   : resumeUnity
10-04 15:21:59.127  5001  5088 D Unity   : Enabling Unity systrace
10-04 15:21:59.127  5001  5088 D Unity   : Starting Unity systrace
10-04 15:21:59.188  5001  5088 I Unity   : SetGameState: isLoading: true, mode: UNKNOWN, label: -2, quality: -1
10-04 15:21:59.202  5001  5088 D Unity   : [VFS] Mount /data/app/~~Vj8MJCStP9aPotb6vdLEIQ==/com.DefaultCompany.urp_2d-0zCYXEAhzfA-Ks8dwi79PA==/base.apk
10-04 15:21:59.253  5001  5001 I Unity   : applyWindowUIChanges fullScreen = true, renderOutsideSafeArea = true
10-04 15:21:59.254  5001  5088 I Unity   : SystemInfo CPU = x86-64 SSE3 SSE4.1 AVX, Cores = 2, Memory = 2976mb
10-04 15:21:59.254  5001  5088 I Unity   : SystemInfo ARM big.LITTLE configuration: 2 big (mask: 0x3), 0 little (mask: 0x0)
10-04 15:21:59.255  5001  5088 I Unity   : ApplicationInfo 'com.DefaultCompany.urp_2d', Version '1.0', Min API Level '25', Target API Level '36'
10-04 15:21:59.255  5001  5088 I Unity   : Built from '6000.3/staging' branch, Version '6000.3.25f1 (e1dba0a9aba4)', Build type 'Development', Scripting Backend 'il2cpp', CPU 'arm64-v8a', Stripping 'Enabled'
10-04 15:21:59.255  5001  5088 I Unity   : Device Model 'Google sdk_gphone64_x86_64', OS 'Android OS 15 (API 35)'
10-04 15:21:59.269  5001  5088 D Unity   : Determine if il2cpp resources need to extracted:
10-04 15:21:59.273  5001  5088 D Unity   :     il2cpp resources are up to date, not extracting
10-04 15:21:59.616  5001  5088 D Unity   : [EGL] Attaching window :0x787d54db0750
10-04 15:21:59.616  5001  5088 D Unity   : InitializeScriptEngine OK (0x787fc2607fc0)
10-04 15:21:59.624  5001  5088 D Unity   : Found 2 interfaces on host :
10-04 15:21:59.624  5001  5088 D Unity   :  0) 10.0.2.15
10-04 15:21:59.624  5001  5088 D Unity   :  1) 10.0.2.16
10-04 15:21:59.624  5001  5088 D Unity   : 
10-04 15:21:59.627  5001  5088 D Unity   : Player connection [132476350658752]  Target information:
10-04 15:21:59.627  5001  5088 D Unity   : 
10-04 15:21:59.627  5001  5088 D Unity   : Player connection [132476350658752]  * "[IP] 10.0.2.15 [Port] 55000 [Flags] 2 [Guid] 1813399572 [EditorId] 1623866242 [Version] 1048832 [Id] AndroidPlayer(11,Google_sdk_gphone64_x86_64@10.0.2.16) [Debug] 0 [PackageName] AndroidPlayer [ProjectName] Startup Life" 
10-04 15:21:59.627  5001  5088 D Unity   : 
10-04 15:21:59.627  5001  5088 D Unity   : Player connection [132476350658752]  * "[IP] 10.0.2.16 [Port] 55000 [Flags] 2 [Guid] 1813399572 [EditorId] 1623866242 [Version] 1048832 [Id] AndroidPlayer(11,Google_sdk_gphone64_x86_64@10.0.2.16) [Debug] 0 [PackageName] AndroidPlayer [ProjectName] Startup Life" 
10-04 15:21:59.627  5001  5088 D Unity   : 
10-04 15:21:59.627  5001  5088 D Unity   : Player connection [132476350658752] Started UDP target info broadcast (1) on [225.0.0.222:54997].
10-04 15:21:59.627  5001  5088 D Unity   : 
10-04 15:21:59.662  5001  5088 D Unity   : Input System module state changed to: Initialized.
10-04 15:21:59.689  5001  5088 D Unity   : [Physics::Module] Initialized fallback backend.
10-04 15:21:59.689  5001  5088 D Unity   : [Physics::Module] Id: 0xdecafbad
10-04 15:21:59.728  5001  5088 D Unity   : PlayerInitEngineNoGraphics OK
10-04 15:21:59.729  5001  5088 I Unity   : Company Name: Startup Life
10-04 15:21:59.729  5001  5088 I Unity   : Product Name: Startup Life
10-04 15:21:59.729  5001  5088 D Unity   : AndroidGraphics::Startup window =  0x787d54db0750
10-04 15:21:59.729  5001  5088 D Unity   : [EGL] Attaching window :0x787d54db0750
10-04 15:21:59.730  5001  5001 I Unity   : applyWindowUIChanges fullScreen = true, renderOutsideSafeArea = true
10-04 15:21:59.735  5001  5088 D Unity   : [Subsystems] Discovering subsystems at path /data/app/~~Vj8MJCStP9aPotb6vdLEIQ==/com.DefaultCompany.urp_2d-0zCYXEAhzfA-Ks8dwi79PA==/base.apk/assets/bin/Data/UnitySubsystems
10-04 15:21:59.757  5001  5088 D Unity   : [Vulkan init] extensions: count=13
10-04 15:21:59.758  5001  5088 D Unity   : [Vulkan init] extensions: name=VK_EXT_debug_report [enabled=0, external=0]
10-04 15:21:59.758  5001  5088 D Unity   : [Vulkan init] extensions: name=VK_EXT_debug_utils [enabled=1, external=0]
10-04 15:21:59.758  5001  5088 D Unity   : [Vulkan init] extensions: name=VK_EXT_surface_maintenance1 [enabled=0, external=0]
10-04 15:21:59.758  5001  5088 D Unity   : [Vulkan init] extensions: name=VK_EXT_swapchain_colorspace [enabled=1, external=0]
10-04 15:21:59.758  5001  5088 D Unity   : [Vulkan init] extensions: name=VK_GOOGLE_surfaceless_query [enabled=0, external=0]
10-04 15:21:59.758  5001  5088 D Unity   : [Vulkan init] extensions: name=VK_KHR_android_surface [enabled=1, external=0]
10-04 15:21:59.758  5001  5088 D Unity   : [Vulkan init] extensions: name=VK_KHR_external_fence_capabilities [enabled=1, external=0]
10-04 15:21:59.758  5001  5088 D Unity   : [Vulkan init] extensions: name=VK_KHR_external_memory_capabilities [enabled=1, external=0]
10-04 15:21:59.758  5001  5088 D Unity   : [Vulkan init] extensions: name=VK_KHR_external_semaphore_capabilities [enabled=1, external=0]
10-04 15:21:59.758  5001  5088 D Unity   : [Vulkan init] extensions: name=VK_KHR_get_physical_device_properties2 [enabled=1, external=0]
10-04 15:21:59.758  5001  5088 D Unity   : [Vulkan init] extensions: name=VK_KHR_get_surface_capabilities2 [enabled=0, external=0]
10-04 15:21:59.758  5001  5088 D Unity   : [Vulkan init] extensions: name=VK_KHR_surface [enabled=1, external=0]
10-04 15:21:59.758  5001  5088 D Unity   : [Vulkan init] extensions: name=VK_KHR_surface_protected_capabilities [enabled=0, external=0]
10-04 15:21:59.766  5001  5088 D Unity   : [Vulkan init] SelectPhysicalDevice requestedDeviceIndex=-1 xrDevice=0x0
10-04 15:21:59.766  5001  5088 D Unity   : [Vulkan init] Physical Device 0x787e84dd9710 [0]: "llvmpipe (LLVM 21.1.2, 256 bits)" deviceType=4 vendorID=10005 deviceID=0
10-04 15:21:59.767  5001  5088 D Unity   : Vulkan detection: 0
10-04 15:21:59.790  5001  5088 D Unity   : [EGL] Request: ES 3.2 RGB 000 0/0
10-04 15:21:59.790  5001  5088 D Unity   : [EGL] Checking ES 3.2 support...
10-04 15:21:59.791  5001  5088 D Unity   : [EGL] ES3.2 not supported
10-04 15:21:59.791  5001  5088 D Unity   : [EGL] Request: ES 3.1+AEP RGB 000 0/0
10-04 15:21:59.791  5001  5088 D Unity   : [EGL] Checking ES 3.1 support...
10-04 15:21:59.791  5001  5088 D Unity   : [EGL] ES3.1 not supported
10-04 15:21:59.792  5001  5088 D Unity   : [EGL] Request: ES 3.1 RGB 000 0/0
10-04 15:21:59.792  5001  5088 D Unity   : [EGL] Request: ES 3.0 RGB 000 0/0
10-04 15:21:59.792  5001  5088 D Unity   : [EGL] Found: ID[7] ES 3.0 RGB 565 24/8
10-04 15:21:59.794  5001  5088 D Unity   : GfxDevice: creating device client; kGfxThreadingModeThreaded
10-04 15:21:59.797  5001  5088 D Unity   : [EGL] Request: ES 3.2 RGB 000 0/0
10-04 15:21:59.800  5001  5088 D Unity   : [EGL] Request: ES 3.1+AEP RGB 000 0/0
10-04 15:21:59.800  5001  5088 D Unity   : [EGL] Request: ES 3.1 RGB 000 0/0
10-04 15:21:59.800  5001  5088 D Unity   : [EGL] Request: ES 3.0 RGB 000 0/0
10-04 15:21:59.800  5001  5088 D Unity   : [EGL] Found: ID[7] ES 3.0 RGB 565 24/8
10-04 15:21:59.803  5001  5088 D Unity   : [EGL] Request: ES 3.0 RGBA 8888 0/0
10-04 15:21:59.804  5001  5088 D Unity   : [EGL] Found: ID[2] ES 3.0 RGBA 8888 24/8
10-04 15:21:59.805  5001  5088 D Unity   : ANativeWindow: (1080/1920) RequestedResolution: (0/0) RenderingResolution: (0/0) EGLSurface: (1080/1920)
10-04 15:21:59.826  5001  5088 D Unity   : Renderer: Android Emulator OpenGL ES Translator (Google SwiftShader)
10-04 15:21:59.826  5001  5088 D Unity   : Vendor:   Google (Google Inc.)
10-04 15:21:59.827  5001  5088 D Unity   : Version:  OpenGL ES 3.0 (OpenGL ES 3.0 SwiftShader 4.0.0.1)
10-04 15:21:59.827  5001  5088 D Unity   : GLES:     3
10-04 15:21:59.827  5001  5088 D Unity   :  GL_EXT_debug_marker GL_EXT_robustness GL_OES_EGL_sync GL_OES_EGL_image GL_OES_EGL_image_external GL_OES_depth24 GL_OES_depth32 GL_OES_element_index_uint GL_OES_texture_float GL_OES_texture_float_linear GL_OES_compressed_paletted_texture GL_OES_compressed_ETC1_RGB8_texture GL_OES_depth_texture GL_OES_texture_half_float GL_OES_texture_half_float_linear GL_OES_packed_depth_stencil GL_OES_vertex_half_float GL_OES_standard_derivatives GL_OES_texture_npot GL_OES_rgb8_rgba8 GL_EXT_color_buffer_float GL_EXT_color_buffer_half_float GL_EXT_texture_format_BGRA8888 GL_APPLE_texture_format_BGRA8888 ANDROID_EMU_CHECKSUM_HELPER_v1 ANDROID_EMU_native_sync_v2 ANDROID_EMU_dma_v1 ANDROID_EMU_direct_mem ANDROID_EMU_host_composition_v1 ANDROID_EMU_host_composition_v2 ANDROID_EMU_vulkan ANDROID_EMU_deferred_vulkan_commands ANDROID_EMU_vulkan_null_optional_strings ANDROID_EMU_vulkan_create_resources_with_requirements ANDROID_EMU_YUV_Cache ANDROID_EMU_vulkan_ignored_handles ANDROID_EMU_has_shared_slots_host_memory_allocator ANDROI
10-04 15:21:59.827  5001  5088 D Unity   : D_EMU_vulkan_free_memory_sync ANDROID_EMU_vulkan_shader_float16_int8 ANDROID_EMU_vulkan_async_queue_submit ANDROID_EMU_vulkan_queue_submit_with_commands ANDROID_EMU_sync_buffer_data ANDROID_EMU_vulkan_async_qsri ANDROID_EMU_read_color_buffer_dma ANDROID_EMU_hwc_multi_configs ANDROID_EMU_hwc_color_transform GL_OES_EGL_image_external_essl3 GL_OES_vertex_array_object GL_KHR_texture_compression_astc_ldr ANDROID_EMU_host_side_tracing ANDROID_EMU_gles_max_version_3_0
10-04 15:21:59.834  5001  5088 D Unity   : OPENGL LOG: Creating OpenGL ES 3.0 graphics device ; Context level  <OpenGL ES 3.0> ; Context handle -187034880
10-04 15:21:59.846  5001  5088 D Unity   : [EGL] Attaching window :0x787d54db0750
10-04 15:21:59.850  5001  5088 D Unity   : Requested framebuffer: resolution[1080x1920], rgba[8/8/8/8], depth+stencil[on], samples[1]
10-04 15:21:59.851  5001  5088 D Unity   : Created framebuffer: resolution[1080x1920], rgba[8/8/8/8], depth+stencil[24/8], samples[0] 
10-04 15:21:59.866  5001  5088 D Unity   : SwappyWrapper: InitSwappyWrapper() succeeded.
10-04 15:21:59.885  5001  5088 D Unity   : [EGL] Attaching window :0x787d54db0750
10-04 15:21:59.885  5001  5088 D Unity   : Initialize engine version: 6000.3.25f1 (e1dba0a9aba4)
10-04 15:22:00.047  5001  5088 D Unity   : [Physics::Module] Selected backend.
10-04 15:22:00.047  5001  5088 D Unity   : [Physics::Module] Name: PhysX
10-04 15:22:00.047  5001  5088 D Unity   : [Physics::Module] Id: 0xf2b8ea05
10-04 15:22:00.047  5001  5088 D Unity   : [Physics::Module] SDK Version: 4.1.2
10-04 15:22:00.047  5001  5088 D Unity   : [Physics::Module] Integration Version: 1.0.0
10-04 15:22:00.048  5001  5088 D Unity   : [Physics::Module] Threading Mode: Multi-Threaded
10-04 15:22:00.314  5001  5088 D Unity   : ERROR: Shader 
10-04 15:22:00.314  5001  5088 D Unity   : Hidden/CoreSRP/CoreCopy shader is not supported on this GPU (none of subshaders/fallbacks are suitable)
10-04 15:22:00.422  5001  5088 D Unity   : ERROR: Shader 
10-04 15:22:00.423  5001  5088 D Unity   : Hidden/Universal/HDRDebugView shader is not supported on this GPU (none of subshaders/fallbacks are suitable)
10-04 15:22:00.505  5001  5088 D Unity   : PlayerInitEngineGraphics OK
10-04 15:22:00.525  5001  5088 I Unity   : SetGameState: isLoading: false, mode: UNKNOWN, label: -1, quality: 2
10-04 15:22:00.526  5001  5088 I Unity   :     HasWindow = 1, HasFocus = 0
10-04 15:22:00.526  5001  5088 I Unity   : Handle cmd APP_CMD_WINDOW_RESIZED(3)
10-04 15:22:00.526  5001  5088 D Unity   : NativeWindow resized 1080x1920
10-04 15:22:00.526  5001  5088 I Unity   : Handle cmd APP_CMD_WINDOW_REDRAW_NEEDED(4)
10-04 15:22:00.527  5001  5088 I Unity   : Handle cmd APP_CMD_GAINED_FOCUS(7)
10-04 15:22:00.527  5001  5088 I Unity   : Handle cmd APP_CMD_WINDOW_INSETS_CHANGED(17)
10-04 15:22:00.529  5001  5088 D Unity   : ANativeWindow: (1080/1920) RequestedResolution: (0/0) RenderingResolution: (0/0) EGLSurface: (1080/1920)
10-04 15:22:00.599  5001  5088 I Unity   : SetGameState: isLoading: true, mode: UNKNOWN, label: 0, quality: 2
10-04 15:22:02.685  5001  5088 D Unity   : UnloadTime: 16.902600 ms
10-04 15:22:03.257  5001  5088 I Unity   : SetGameState: isLoading: true, mode: UNKNOWN, label: -4, quality: 2
10-04 15:22:03.498  5001  5088 I Unity   : SetGameState: isLoading: false, mode: UNKNOWN, label: 0, quality: 2
10-04 15:22:03.505  5001  5088 D Unity   : Using NDK Choreographer.
10-04 15:22:03.533  5001  5088 D Unity   : Stopping Unity systrace
10-04 15:22:56.394  5001  5001 I Unity   : onPause
10-04 15:22:56.399  5001  5001 I Unity   : pauseUnity
10-04 15:22:56.422  5001  5001 I Unity   : windowFocusChanged: false
10-04 15:22:56.422  5001  5088 I Unity   : Handle cmd APP_CMD_PAUSE(14)
10-04 15:22:56.563  5001  5406 D Unity   : ChoreographerNDK: Ignoring event, since Choreographer is disabled
10-04 15:22:56.573  5001  5088 I Unity   : SetGameState: isLoading: false, mode: CONTENT, label: -6, quality: 2
10-04 15:22:56.576  5001  5088 I Unity   : Handle cmd APP_CMD_LOST_FOCUS(8)
10-04 15:22:56.866  5001  5088 I Unity   : Handle cmd APP_CMD_TERM_WINDOW(2)
10-04 15:22:56.867  5001  5088 D Unity   : [EGL] Attaching window :0x0
10-04 15:22:56.871  5001  5001 D Unity   : PersistentUnitySurface.preserveContent: com.unity3d.player.UnityPlayerGameActivity$GameActivitySurfaceView{b8fbf74 VFE...... .F....I. 0,0-1080,1920 #7f080125 app:id/unitySurfaceView aid=1073741824}
10-04 15:22:56.872  5001  5001 D Unity   : PersistentUnitySurface.PlaceholderView.Copy: com.unity3d.player.UnityPlayerGameActivity$GameActivitySurfaceView{b8fbf74 VFE...... .F....I. 0,0-1080,1920 #7f080125 app:id/unitySurfaceView aid=1073741824} Width 1080  Height 1920
10-04 15:22:57.004  5001 10121 D Unity   : PixelCopy finished: 0
10-04 15:22:57.009  5001  5088 I Unity   : Handle cmd APP_CMD_LOW_MEMORY(10)
10-04 15:22:57.013  5001  5088 I Unity   : Handle cmd APP_CMD_STOP(15)
10-04 15:22:57.015  5001  5088 I Unity   : Handle cmd APP_CMD_SAVE_STATE(13)
10-04 15:22:58.245 10225 10225 I Unity   : applyWindowUIChanges fullScreen = true, renderOutsideSafeArea = true
10-04 15:22:58.356 10225 10225 V Unity   : Context Type: GameActivity
10-04 15:22:58.358 10225 10225 D Unity   : CommandLine:  
10-04 15:22:58.377 10225 10307 I Unity   : UnityApplication::CreateInstance
10-04 15:22:58.377 10225 10307 I Unity   : GameActivity Package Version '4.4.0'
10-04 15:22:58.381 10225 10307 I Unity   : Starting Game Loop
10-04 15:22:58.432 10225 10307 I Unity   : Handle cmd APP_CMD_START(11)
10-04 15:22:58.434 10225 10225 I Unity   : onResume
10-04 15:22:58.438 10225 10307 I Unity   : Handle cmd APP_CMD_RESUME(12)
10-04 15:22:58.456 10225 10307 I Unity   : Handle cmd APP_CMD_WINDOW_INSETS_CHANGED(17)
10-04 15:22:58.460 10225 10307 I Unity   : Handle cmd APP_CMD_WINDOW_INSETS_CHANGED(17)
10-04 15:22:58.462 10225 10307 I Unity   : Handle cmd APP_CMD_CONTENT_RECT_CHANGED(5)
10-04 15:22:58.465 10225 10307 I Unity   : Handle cmd APP_CMD_INIT_WINDOW(1)
10-04 15:22:58.536 10225 10225 I Unity   : windowFocusChanged: true
10-04 15:22:58.536 10225 10225 I Unity   : applyWindowUIChanges fullScreen = true, renderOutsideSafeArea = true
10-04 15:22:58.536 10225 10225 I Unity   : resumeUnity
10-04 15:22:58.600 10225 10307 I Unity   : MemoryManager: Using 'Dynamic Heap' Allocator.
10-04 15:22:58.603 10225 10307 D Unity   : [UnityMemory] Configuration Parameters - Can be set up in boot.config
10-04 15:22:58.603 10225 10307 D Unity   :     "memorysetup-allocator-temp-initial-block-size-main=262144"
10-04 15:22:58.603 10225 10307 D Unity   :     "memorysetup-allocator-temp-initial-block-size-worker=262144"
10-04 15:22:58.603 10225 10307 D Unity   :     "memorysetup-temp-allocator-size-background-worker=32768"
10-04 15:22:58.604 10225 10307 D Unity   :     "memorysetup-temp-allocator-size-job-worker=262144"
10-04 15:22:58.604 10225 10307 D Unity   :     "memorysetup-temp-allocator-size-preload-manager=262144"
10-04 15:22:58.604 10225 10307 D Unity   :     "memorysetup-remapper-allocator-initial-capacity=32768"
10-04 15:22:58.604 10225 10307 D Unity   :     "memorysetup-temp-allocator-size-nav-mesh-worker=65536"
10-04 15:22:58.604 10225 10307 D Unity   :     "memorysetup-temp-allocator-size-audio-worker=65536"
10-04 15:22:58.604 10225 10307 D Unity   :     "memorysetup-temp-allocator-size-cloud-worker=32768"
10-04 15:22:58.604 10225 10307 D Unity   :     "memorysetup-bucket-allocator-granularity=16"
10-04 15:22:58.604 10225 10307 D Unity   :     "memorysetup-bucket-allocator-bucket-count=8"
10-04 15:22:58.604 10225 10307 D Unity   :     "memorysetup-bucket-allocator-block-size=4194304"
10-04 15:22:58.604 10225 10307 D Unity   :     "memorysetup-bucket-allocator-block-count=1"
10-04 15:22:58.604 10225 10307 D Unity   :     "memorysetup-main-allocator-block-size=16777216"
10-04 15:22:58.604 10225 10307 D Unity   :     "memorysetup-thread-allocator-block-size=16777216"
10-04 15:22:58.604 10225 10307 D Unity   :     "memorysetup-gfx-main-allocator-block-size=16777216"
10-04 15:22:58.605 10225 10307 D Unity   :     "memorysetup-gfx-thread-allocator-block-size=16777216"
10-04 15:22:58.605 10225 10307 D Unity   :     "memorysetup-cache-allocator-block-size=4194304"
10-04 15:22:58.605 10225 10307 D Unity   :     "memorysetup-typetree-allocator-block-size=2097152"
10-04 15:22:58.605 10225 10307 D Unity   :     "memorysetup-profiler-bucket-allocator-granularity=16"
10-04 15:22:58.605 10225 10307 D Unity   :     "memorysetup-profiler-bucket-allocator-bucket-count=8"
10-04 15:22:58.605 10225 10307 D Unity   :     "memorysetup-profiler-bucket-allocator-block-size=4194304"
10-04 15:22:58.605 10225 10307 D Unity   :     "memorysetup-profiler-bucket-allocator-block-count=1"
10-04 15:22:58.605 10225 10307 D Unity   :     "memorysetup-profiler-allocator-block-size=16777216"
10-04 15:22:58.606 10225 10307 D Unity   :     "memorysetup-profiler-editor-allocator-block-size=1048576"
10-04 15:22:58.606 10225 10307 D Unity   :     "memorysetup-temp-allocator-size-main=4194304"
10-04 15:22:58.606 10225 10307 D Unity   :     "memorysetup-job-temp-allocator-block-size=2097152"
10-04 15:22:58.606 10225 10307 D Unity   :     "memorysetup-job-temp-allocator-block-size-background=1048576"
10-04 15:22:58.606 10225 10307 D Unity   :     "memorysetup-job-temp-allocator-reduction-small-platforms=262144"
10-04 15:22:58.606 10225 10307 D Unity   :     "memorysetup-temp-allocator-size-gfx=262144"
10-04 15:22:58.749 10225 10307 D Unity   : Enabling Unity systrace
10-04 15:22:58.749 10225 10307 D Unity   : Starting Unity systrace
10-04 15:22:58.820 10225 10307 I Unity   : SetGameState: isLoading: true, mode: UNKNOWN, label: -2, quality: -1
10-04 15:22:58.831 10225 10307 D Unity   : [VFS] Mount /data/app/~~Vj8MJCStP9aPotb6vdLEIQ==/com.DefaultCompany.urp_2d-0zCYXEAhzfA-Ks8dwi79PA==/base.apk
10-04 15:22:58.869 10225 10307 I Unity   : SystemInfo CPU = x86-64 SSE3 SSE4.1 AVX, Cores = 2, Memory = 2976mb
10-04 15:22:58.870 10225 10307 I Unity   : SystemInfo ARM big.LITTLE configuration: 2 big (mask: 0x3), 0 little (mask: 0x0)
10-04 15:22:58.872 10225 10307 I Unity   : ApplicationInfo 'com.DefaultCompany.urp_2d', Version '1.0', Min API Level '25', Target API Level '36'
10-04 15:22:58.872 10225 10307 I Unity   : Built from '6000.3/staging' branch, Version '6000.3.25f1 (e1dba0a9aba4)', Build type 'Development', Scripting Backend 'il2cpp', CPU 'arm64-v8a', Stripping 'Enabled'
10-04 15:22:58.873 10225 10307 I Unity   : Device Model 'Google sdk_gphone64_x86_64', OS 'Android OS 15 (API 35)'
10-04 15:22:58.873 10225 10225 I Unity   : applyWindowUIChanges fullScreen = true, renderOutsideSafeArea = true
10-04 15:22:58.883 10225 10307 D Unity   : Determine if il2cpp resources need to extracted:
10-04 15:22:58.889 10225 10307 D Unity   :     il2cpp resources are up to date, not extracting
10-04 15:22:59.232 10225 10307 D Unity   : [EGL] Attaching window :0x787d54db0750
10-04 15:22:59.232 10225 10307 D Unity   : InitializeScriptEngine OK (0x787fc2607fc0)
10-04 15:22:59.239 10225 10307 D Unity   : Found 2 interfaces on host :
10-04 15:22:59.239 10225 10307 D Unity   :  0) 10.0.2.15
10-04 15:22:59.240 10225 10307 D Unity   :  1) 10.0.2.16
10-04 15:22:59.240 10225 10307 D Unity   : 
10-04 15:22:59.242 10225 10307 D Unity   : Player connection [132476533205184]  Target information:
10-04 15:22:59.242 10225 10307 D Unity   : 
10-04 15:22:59.242 10225 10307 D Unity   : Player connection [132476533205184]  * "[IP] 10.0.2.15 [Port] 55000 [Flags] 2 [Guid] 904090061 [EditorId] 1623866242 [Version] 1048832 [Id] AndroidPlayer(11,Google_sdk_gphone64_x86_64@10.0.2.16) [Debug] 0 [PackageName] AndroidPlayer [ProjectName] Startup Life" 
10-04 15:22:59.242 10225 10307 D Unity   : 
10-04 15:22:59.242 10225 10307 D Unity   : Player connection [132476533205184]  * "[IP] 10.0.2.16 [Port] 55000 [Flags] 2 [Guid] 904090061 [EditorId] 1623866242 [Version] 1048832 [Id] AndroidPlayer(11,Google_sdk_gphone64_x86_64@10.0.2.16) [Debug] 0 [PackageName] AndroidPlayer [ProjectName] Startup Life" 
10-04 15:22:59.242 10225 10307 D Unity   : 
10-04 15:22:59.242 10225 10307 D Unity   : Player connection [132476533205184] Started UDP target info broadcast (1) on [225.0.0.222:54997].
10-04 15:22:59.242 10225 10307 D Unity   : 
10-04 15:22:59.286 10225 10307 D Unity   : Input System module state changed to: Initialized.
10-04 15:22:59.317 10225 10307 D Unity   : [Physics::Module] Initialized fallback backend.
10-04 15:22:59.318 10225 10307 D Unity   : [Physics::Module] Id: 0xdecafbad
10-04 15:22:59.357 10225 10307 D Unity   : PlayerInitEngineNoGraphics OK
10-04 15:22:59.357 10225 10307 I Unity   : Company Name: Startup Life
10-04 15:22:59.357 10225 10307 I Unity   : Product Name: Startup Life
10-04 15:22:59.358 10225 10307 D Unity   : AndroidGraphics::Startup window =  0x787d54db0750
10-04 15:22:59.358 10225 10307 D Unity   : [EGL] Attaching window :0x787d54db0750
10-04 15:22:59.360 10225 10225 I Unity   : applyWindowUIChanges fullScreen = true, renderOutsideSafeArea = true
10-04 15:22:59.364 10225 10307 D Unity   : [Subsystems] Discovering subsystems at path /data/app/~~Vj8MJCStP9aPotb6vdLEIQ==/com.DefaultCompany.urp_2d-0zCYXEAhzfA-Ks8dwi79PA==/base.apk/assets/bin/Data/UnitySubsystems
10-04 15:22:59.384 10225 10307 D Unity   : [Vulkan init] extensions: count=13
10-04 15:22:59.384 10225 10307 D Unity   : [Vulkan init] extensions: name=VK_EXT_debug_report [enabled=0, external=0]
10-04 15:22:59.385 10225 10307 D Unity   : [Vulkan init] extensions: name=VK_EXT_debug_utils [enabled=1, external=0]
10-04 15:22:59.385 10225 10307 D Unity   : [Vulkan init] extensions: name=VK_EXT_surface_maintenance1 [enabled=0, external=0]
10-04 15:22:59.385 10225 10307 D Unity   : [Vulkan init] extensions: name=VK_EXT_swapchain_colorspace [enabled=1, external=0]
10-04 15:22:59.385 10225 10307 D Unity   : [Vulkan init] extensions: name=VK_GOOGLE_surfaceless_query [enabled=0, external=0]
10-04 15:22:59.385 10225 10307 D Unity   : [Vulkan init] extensions: name=VK_KHR_android_surface [enabled=1, external=0]
10-04 15:22:59.385 10225 10307 D Unity   : [Vulkan init] extensions: name=VK_KHR_external_fence_capabilities [enabled=1, external=0]
10-04 15:22:59.385 10225 10307 D Unity   : [Vulkan init] extensions: name=VK_KHR_external_memory_capabilities [enabled=1, external=0]
10-04 15:22:59.385 10225 10307 D Unity   : [Vulkan init] extensions: name=VK_KHR_external_semaphore_capabilities [enabled=1, external=0]
10-04 15:22:59.385 10225 10307 D Unity   : [Vulkan init] extensions: name=VK_KHR_get_physical_device_properties2 [enabled=1, external=0]
10-04 15:22:59.385 10225 10307 D Unity   : [Vulkan init] extensions: name=VK_KHR_get_surface_capabilities2 [enabled=0, external=0]
10-04 15:22:59.385 10225 10307 D Unity   : [Vulkan init] extensions: name=VK_KHR_surface [enabled=1, external=0]
10-04 15:22:59.385 10225 10307 D Unity   : [Vulkan init] extensions: name=VK_KHR_surface_protected_capabilities [enabled=0, external=0]
10-04 15:22:59.394 10225 10307 D Unity   : [Vulkan init] SelectPhysicalDevice requestedDeviceIndex=-1 xrDevice=0x0
10-04 15:22:59.394 10225 10307 D Unity   : [Vulkan init] Physical Device 0x787e84de59c0 [0]: "llvmpipe (LLVM 21.1.2, 256 bits)" deviceType=4 vendorID=10005 deviceID=0
10-04 15:22:59.395 10225 10307 D Unity   : Vulkan detection: 0
10-04 15:22:59.419 10225 10307 D Unity   : [EGL] Request: ES 3.2 RGB 000 0/0
10-04 15:22:59.420 10225 10307 D Unity   : [EGL] Checking ES 3.2 support...
10-04 15:22:59.421 10225 10307 D Unity   : [EGL] ES3.2 not supported
10-04 15:22:59.421 10225 10307 D Unity   : [EGL] Request: ES 3.1+AEP RGB 000 0/0
10-04 15:22:59.421 10225 10307 D Unity   : [EGL] Checking ES 3.1 support...
10-04 15:22:59.421 10225 10307 D Unity   : [EGL] ES3.1 not supported
10-04 15:22:59.421 10225 10307 D Unity   : [EGL] Request: ES 3.1 RGB 000 0/0
10-04 15:22:59.422 10225 10307 D Unity   : [EGL] Request: ES 3.0 RGB 000 0/0
10-04 15:22:59.422 10225 10307 D Unity   : [EGL] Found: ID[7] ES 3.0 RGB 565 24/8
10-04 15:22:59.424 10225 10307 D Unity   : GfxDevice: creating device client; kGfxThreadingModeThreaded
10-04 15:22:59.427 10225 10307 D Unity   : [EGL] Request: ES 3.2 RGB 000 0/0
10-04 15:22:59.429 10225 10307 D Unity   : [EGL] Request: ES 3.1+AEP RGB 000 0/0
10-04 15:22:59.429 10225 10307 D Unity   : [EGL] Request: ES 3.1 RGB 000 0/0
10-04 15:22:59.429 10225 10307 D Unity   : [EGL] Request: ES 3.0 RGB 000 0/0
10-04 15:22:59.430 10225 10307 D Unity   : [EGL] Found: ID[7] ES 3.0 RGB 565 24/8
10-04 15:22:59.432 10225 10307 D Unity   : [EGL] Request: ES 3.0 RGBA 8888 0/0
10-04 15:22:59.433 10225 10307 D Unity   : [EGL] Found: ID[2] ES 3.0 RGBA 8888 24/8
10-04 15:22:59.435 10225 10307 D Unity   : ANativeWindow: (1080/1920) RequestedResolution: (0/0) RenderingResolution: (0/0) EGLSurface: (1080/1920)
10-04 15:22:59.459 10225 10307 D Unity   : Renderer: Android Emulator OpenGL ES Translator (Google SwiftShader)
10-04 15:22:59.459 10225 10307 D Unity   : Vendor:   Google (Google Inc.)
10-04 15:22:59.459 10225 10307 D Unity   : Version:  OpenGL ES 3.0 (OpenGL ES 3.0 SwiftShader 4.0.0.1)
10-04 15:22:59.459 10225 10307 D Unity   : GLES:     3
10-04 15:22:59.460 10225 10307 D Unity   :  GL_EXT_debug_marker GL_EXT_robustness GL_OES_EGL_sync GL_OES_EGL_image GL_OES_EGL_image_external GL_OES_depth24 GL_OES_depth32 GL_OES_element_index_uint GL_OES_texture_float GL_OES_texture_float_linear GL_OES_compressed_paletted_texture GL_OES_compressed_ETC1_RGB8_texture GL_OES_depth_texture GL_OES_texture_half_float GL_OES_texture_half_float_linear GL_OES_packed_depth_stencil GL_OES_vertex_half_float GL_OES_standard_derivatives GL_OES_texture_npot GL_OES_rgb8_rgba8 GL_EXT_color_buffer_float GL_EXT_color_buffer_half_float GL_EXT_texture_format_BGRA8888 GL_APPLE_texture_format_BGRA8888 ANDROID_EMU_CHECKSUM_HELPER_v1 ANDROID_EMU_native_sync_v2 ANDROID_EMU_dma_v1 ANDROID_EMU_direct_mem ANDROID_EMU_host_composition_v1 ANDROID_EMU_host_composition_v2 ANDROID_EMU_vulkan ANDROID_EMU_deferred_vulkan_commands ANDROID_EMU_vulkan_null_optional_strings ANDROID_EMU_vulkan_create_resources_with_requirements ANDROID_EMU_YUV_Cache ANDROID_EMU_vulkan_ignored_handles ANDROID_EMU_has_shared_slots_host_memory_allocator ANDROI
10-04 15:22:59.460 10225 10307 D Unity   : D_EMU_vulkan_free_memory_sync ANDROID_EMU_vulkan_shader_float16_int8 ANDROID_EMU_vulkan_async_queue_submit ANDROID_EMU_vulkan_queue_submit_with_commands ANDROID_EMU_sync_buffer_data ANDROID_EMU_vulkan_async_qsri ANDROID_EMU_read_color_buffer_dma ANDROID_EMU_hwc_multi_configs ANDROID_EMU_hwc_color_transform GL_OES_EGL_image_external_essl3 GL_OES_vertex_array_object GL_KHR_texture_compression_astc_ldr ANDROID_EMU_host_side_tracing ANDROID_EMU_gles_max_version_3_0
10-04 15:22:59.469 10225 10307 D Unity   : OPENGL LOG: Creating OpenGL ES 3.0 graphics device ; Context level  <OpenGL ES 3.0> ; Context handle -186927168
10-04 15:22:59.480 10225 10307 D Unity   : [EGL] Attaching window :0x787d54db0750
10-04 15:22:59.485 10225 10307 D Unity   : Requested framebuffer: resolution[1080x1920], rgba[8/8/8/8], depth+stencil[on], samples[1]
10-04 15:22:59.486 10225 10307 D Unity   : Created framebuffer: resolution[1080x1920], rgba[8/8/8/8], depth+stencil[24/8], samples[0] 
10-04 15:22:59.501 10225 10307 D Unity   : SwappyWrapper: InitSwappyWrapper() succeeded.
10-04 15:22:59.521 10225 10307 D Unity   : [EGL] Attaching window :0x787d54db0750
10-04 15:22:59.521 10225 10307 D Unity   : Initialize engine version: 6000.3.25f1 (e1dba0a9aba4)
10-04 15:22:59.761 10225 10307 D Unity   : [Physics::Module] Selected backend.
10-04 15:22:59.761 10225 10307 D Unity   : [Physics::Module] Name: PhysX
10-04 15:22:59.761 10225 10307 D Unity   : [Physics::Module] Id: 0xf2b8ea05
10-04 15:22:59.761 10225 10307 D Unity   : [Physics::Module] SDK Version: 4.1.2
10-04 15:22:59.761 10225 10307 D Unity   : [Physics::Module] Integration Version: 1.0.0
10-04 15:22:59.761 10225 10307 D Unity   : [Physics::Module] Threading Mode: Multi-Threaded
10-04 15:23:00.040 10225 10307 D Unity   : ERROR: Shader 
10-04 15:23:00.040 10225 10307 D Unity   : Hidden/CoreSRP/CoreCopy shader is not supported on this GPU (none of subshaders/fallbacks are suitable)
10-04 15:23:00.146 10225 10307 D Unity   : ERROR: Shader 
10-04 15:23:00.146 10225 10307 D Unity   : Hidden/Universal/HDRDebugView shader is not supported on this GPU (none of subshaders/fallbacks are suitable)
10-04 15:23:00.232 10225 10307 D Unity   : PlayerInitEngineGraphics OK
10-04 15:23:00.258 10225 10307 I Unity   : SetGameState: isLoading: false, mode: UNKNOWN, label: -1, quality: 2
10-04 15:23:00.259 10225 10307 I Unity   :     HasWindow = 1, HasFocus = 0
10-04 15:23:00.259 10225 10307 I Unity   : Handle cmd APP_CMD_WINDOW_RESIZED(3)
10-04 15:23:00.259 10225 10307 D Unity   : NativeWindow resized 1080x1920
10-04 15:23:00.259 10225 10307 I Unity   : Handle cmd APP_CMD_WINDOW_REDRAW_NEEDED(4)
10-04 15:23:00.259 10225 10307 I Unity   : Handle cmd APP_CMD_GAINED_FOCUS(7)
10-04 15:23:00.260 10225 10307 I Unity   : Handle cmd APP_CMD_WINDOW_INSETS_CHANGED(17)
10-04 15:23:00.263 10225 10307 D Unity   : ANativeWindow: (1080/1920) RequestedResolution: (0/0) RenderingResolution: (0/0) EGLSurface: (1080/1920)
10-04 15:23:00.345 10225 10307 I Unity   : SetGameState: isLoading: true, mode: UNKNOWN, label: 0, quality: 2
10-04 15:23:02.442 10225 10307 D Unity   : UnloadTime: 24.091200 ms
10-04 15:23:03.009 10225 10307 I Unity   : SetGameState: isLoading: true, mode: UNKNOWN, label: -4, quality: 2
10-04 15:23:03.299 10225 10307 I Unity   : SetGameState: isLoading: false, mode: UNKNOWN, label: 0, quality: 2
10-04 15:23:03.308 10225 10307 D Unity   : Using NDK Choreographer.
10-04 15:23:03.345 10225 10307 D Unity   : Stopping Unity systrace
10-04 15:23:23.224 12322 12322 I Unity   : applyWindowUIChanges fullScreen = true, renderOutsideSafeArea = true
10-04 15:23:23.534 12322 12322 V Unity   : Context Type: GameActivity
10-04 15:23:23.539 12322 12322 D Unity   : CommandLine:  
10-04 15:23:23.559 12322 12427 I Unity   : UnityApplication::CreateInstance
10-04 15:23:23.560 12322 12427 I Unity   : GameActivity Package Version '4.4.0'
10-04 15:23:23.562 12322 12427 I Unity   : Starting Game Loop
10-04 15:23:23.607 12322 12322 I Unity   : onResume
10-04 15:23:23.608 12322 12427 I Unity   : Handle cmd APP_CMD_START(11)
10-04 15:23:23.611 12322 12427 I Unity   : Handle cmd APP_CMD_RESUME(12)
10-04 15:23:23.635 12322 12427 I Unity   : Handle cmd APP_CMD_WINDOW_INSETS_CHANGED(17)
10-04 15:23:23.640 12322 12427 I Unity   : Handle cmd APP_CMD_WINDOW_INSETS_CHANGED(17)
10-04 15:23:23.641 12322 12427 I Unity   : Handle cmd APP_CMD_CONTENT_RECT_CHANGED(5)
10-04 15:23:23.642 12322 12427 I Unity   : Handle cmd APP_CMD_INIT_WINDOW(1)
10-04 15:23:23.688 12322 12427 I Unity   : MemoryManager: Using 'Dynamic Heap' Allocator.
10-04 15:23:23.690 12322 12427 D Unity   : [UnityMemory] Configuration Parameters - Can be set up in boot.config
10-04 15:23:23.690 12322 12427 D Unity   :     "memorysetup-allocator-temp-initial-block-size-main=262144"
10-04 15:23:23.690 12322 12427 D Unity   :     "memorysetup-allocator-temp-initial-block-size-worker=262144"
10-04 15:23:23.690 12322 12427 D Unity   :     "memorysetup-temp-allocator-size-background-worker=32768"
10-04 15:23:23.690 12322 12427 D Unity   :     "memorysetup-temp-allocator-size-job-worker=262144"
10-04 15:23:23.690 12322 12427 D Unity   :     "memorysetup-temp-allocator-size-preload-manager=262144"
10-04 15:23:23.690 12322 12427 D Unity   :     "memorysetup-remapper-allocator-initial-capacity=32768"
10-04 15:23:23.690 12322 12427 D Unity   :     "memorysetup-temp-allocator-size-nav-mesh-worker=65536"
10-04 15:23:23.690 12322 12427 D Unity   :     "memorysetup-temp-allocator-size-audio-worker=65536"
10-04 15:23:23.690 12322 12427 D Unity   :     "memorysetup-temp-allocator-size-cloud-worker=32768"
10-04 15:23:23.690 12322 12427 D Unity   :     "memorysetup-bucket-allocator-granularity=16"
10-04 15:23:23.690 12322 12427 D Unity   :     "memorysetup-bucket-allocator-bucket-count=8"
10-04 15:23:23.690 12322 12427 D Unity   :     "memorysetup-bucket-allocator-block-size=4194304"
10-04 15:23:23.690 12322 12427 D Unity   :     "memorysetup-bucket-allocator-block-count=1"
10-04 15:23:23.690 12322 12427 D Unity   :     "memorysetup-main-allocator-block-size=16777216"
10-04 15:23:23.691 12322 12427 D Unity   :     "memorysetup-thread-allocator-block-size=16777216"
10-04 15:23:23.691 12322 12427 D Unity   :     "memorysetup-gfx-main-allocator-block-size=16777216"
10-04 15:23:23.691 12322 12427 D Unity   :     "memorysetup-gfx-thread-allocator-block-size=16777216"
10-04 15:23:23.691 12322 12427 D Unity   :     "memorysetup-cache-allocator-block-size=4194304"
10-04 15:23:23.691 12322 12427 D Unity   :     "memorysetup-typetree-allocator-block-size=2097152"
10-04 15:23:23.691 12322 12427 D Unity   :     "memorysetup-profiler-bucket-allocator-granularity=16"
10-04 15:23:23.691 12322 12427 D Unity   :     "memorysetup-profiler-bucket-allocator-bucket-count=8"
10-04 15:23:23.691 12322 12427 D Unity   :     "memorysetup-profiler-bucket-allocator-block-size=4194304"
10-04 15:23:23.691 12322 12427 D Unity   :     "memorysetup-profiler-bucket-allocator-block-count=1"
10-04 15:23:23.691 12322 12427 D Unity   :     "memorysetup-profiler-allocator-block-size=16777216"
10-04 15:23:23.691 12322 12427 D Unity   :     "memorysetup-profiler-editor-allocator-block-size=1048576"
10-04 15:23:23.691 12322 12427 D Unity   :     "memorysetup-temp-allocator-size-main=4194304"
10-04 15:23:23.691 12322 12427 D Unity   :     "memorysetup-job-temp-allocator-block-size=2097152"
10-04 15:23:23.691 12322 12427 D Unity   :     "memorysetup-job-temp-allocator-block-size-background=1048576"
10-04 15:23:23.691 12322 12427 D Unity   :     "memorysetup-job-temp-allocator-reduction-small-platforms=262144"
10-04 15:23:23.692 12322 12427 D Unity   :     "memorysetup-temp-allocator-size-gfx=262144"
10-04 15:23:23.720 12322 12322 I Unity   : windowFocusChanged: true
10-04 15:23:23.720 12322 12322 I Unity   : applyWindowUIChanges fullScreen = true, renderOutsideSafeArea = true
10-04 15:23:23.720 12322 12322 I Unity   : resumeUnity
10-04 15:23:23.802 12322 12427 D Unity   : Enabling Unity systrace
10-04 15:23:23.802 12322 12427 D Unity   : Starting Unity systrace
10-04 15:23:23.854 12322 12427 I Unity   : SetGameState: isLoading: true, mode: UNKNOWN, label: -2, quality: -1
10-04 15:23:23.872 12322 12427 D Unity   : [VFS] Mount /data/app/~~Vj8MJCStP9aPotb6vdLEIQ==/com.DefaultCompany.urp_2d-0zCYXEAhzfA-Ks8dwi79PA==/base.apk
10-04 15:23:23.894 12322 12427 I Unity   : SystemInfo CPU = x86-64 SSE3 SSE4.1 AVX, Cores = 2, Memory = 2976mb
10-04 15:23:23.896 12322 12427 I Unity   : SystemInfo ARM big.LITTLE configuration: 2 big (mask: 0x3), 0 little (mask: 0x0)
10-04 15:23:23.897 12322 12427 I Unity   : ApplicationInfo 'com.DefaultCompany.urp_2d', Version '1.0', Min API Level '25', Target API Level '36'
10-04 15:23:23.897 12322 12427 I Unity   : Built from '6000.3/staging' branch, Version '6000.3.25f1 (e1dba0a9aba4)', Build type 'Development', Scripting Backend 'il2cpp', CPU 'arm64-v8a', Stripping 'Enabled'
10-04 15:23:23.898 12322 12427 I Unity   : Device Model 'Google sdk_gphone64_x86_64', OS 'Android OS 15 (API 35)'
10-04 15:23:23.907 12322 12322 I Unity   : applyWindowUIChanges fullScreen = true, renderOutsideSafeArea = true
10-04 15:23:23.913 12322 12427 D Unity   : Determine if il2cpp resources need to extracted:
10-04 15:23:23.920 12322 12427 D Unity   :     il2cpp resources are up to date, not extracting
10-04 15:23:24.341 12322 12427 D Unity   : [EGL] Attaching window :0x787d54db0750
10-04 15:23:24.341 12322 12427 D Unity   : InitializeScriptEngine OK (0x787fc2607fc0)
10-04 15:23:24.349 12322 12427 D Unity   : Found 2 interfaces on host :
10-04 15:23:24.349 12322 12427 D Unity   :  0) 10.0.2.15
10-04 15:23:24.349 12322 12427 D Unity   :  1) 10.0.2.16
10-04 15:23:24.350 12322 12427 D Unity   : 
10-04 15:23:24.353 12322 12427 D Unity   : Player connection [132476392646848]  Target information:
10-04 15:23:24.353 12322 12427 D Unity   : 
10-04 15:23:24.353 12322 12427 D Unity   : Player connection [132476392646848]  * "[IP] 10.0.2.15 [Port] 55000 [Flags] 2 [Guid] 3478751218 [EditorId] 1623866242 [Version] 1048832 [Id] AndroidPlayer(11,Google_sdk_gphone64_x86_64@10.0.2.16) [Debug] 0 [PackageName] AndroidPlayer [ProjectName] Startup Life" 
10-04 15:23:24.353 12322 12427 D Unity   : 
10-04 15:23:24.353 12322 12427 D Unity   : Player connection [132476392646848]  * "[IP] 10.0.2.16 [Port] 55000 [Flags] 2 [Guid] 3478751218 [EditorId] 1623866242 [Version] 1048832 [Id] AndroidPlayer(11,Google_sdk_gphone64_x86_64@10.0.2.16) [Debug] 0 [PackageName] AndroidPlayer [ProjectName] Startup Life" 
10-04 15:23:24.353 12322 12427 D Unity   : 
10-04 15:23:24.354 12322 12427 D Unity   : Player connection [132476392646848] Started UDP target info broadcast (1) on [225.0.0.222:54997].
10-04 15:23:24.354 12322 12427 D Unity   : 
10-04 15:23:24.401 12322 12427 D Unity   : Input System module state changed to: Initialized.
10-04 15:23:24.434 12322 12427 D Unity   : [Physics::Module] Initialized fallback backend.
10-04 15:23:24.434 12322 12427 D Unity   : [Physics::Module] Id: 0xdecafbad
10-04 15:23:24.488 12322 12427 D Unity   : PlayerInitEngineNoGraphics OK
10-04 15:23:24.489 12322 12427 I Unity   : Company Name: Startup Life
10-04 15:23:24.489 12322 12427 I Unity   : Product Name: Startup Life
10-04 15:23:24.489 12322 12427 D Unity   : AndroidGraphics::Startup window =  0x787d54db0750
10-04 15:23:24.490 12322 12427 D Unity   : [EGL] Attaching window :0x787d54db0750
10-04 15:23:24.491 12322 12322 I Unity   : applyWindowUIChanges fullScreen = true, renderOutsideSafeArea = true
10-04 15:23:24.498 12322 12427 D Unity   : [Subsystems] Discovering subsystems at path /data/app/~~Vj8MJCStP9aPotb6vdLEIQ==/com.DefaultCompany.urp_2d-0zCYXEAhzfA-Ks8dwi79PA==/base.apk/assets/bin/Data/UnitySubsystems
10-04 15:23:24.522 12322 12427 D Unity   : [Vulkan init] extensions: count=13
10-04 15:23:24.523 12322 12427 D Unity   : [Vulkan init] extensions: name=VK_EXT_debug_report [enabled=0, external=0]
10-04 15:23:24.523 12322 12427 D Unity   : [Vulkan init] extensions: name=VK_EXT_debug_utils [enabled=1, external=0]
10-04 15:23:24.523 12322 12427 D Unity   : [Vulkan init] extensions: name=VK_EXT_surface_maintenance1 [enabled=0, external=0]
10-04 15:23:24.523 12322 12427 D Unity   : [Vulkan init] extensions: name=VK_EXT_swapchain_colorspace [enabled=1, external=0]
10-04 15:23:24.523 12322 12427 D Unity   : [Vulkan init] extensions: name=VK_GOOGLE_surfaceless_query [enabled=0, external=0]
10-04 15:23:24.523 12322 12427 D Unity   : [Vulkan init] extensions: name=VK_KHR_android_surface [enabled=1, external=0]
10-04 15:23:24.523 12322 12427 D Unity   : [Vulkan init] extensions: name=VK_KHR_external_fence_capabilities [enabled=1, external=0]
10-04 15:23:24.523 12322 12427 D Unity   : [Vulkan init] extensions: name=VK_KHR_external_memory_capabilities [enabled=1, external=0]
10-04 15:23:24.523 12322 12427 D Unity   : [Vulkan init] extensions: name=VK_KHR_external_semaphore_capabilities [enabled=1, external=0]
10-04 15:23:24.524 12322 12427 D Unity   : [Vulkan init] extensions: name=VK_KHR_get_physical_device_properties2 [enabled=1, external=0]
10-04 15:23:24.524 12322 12427 D Unity   : [Vulkan init] extensions: name=VK_KHR_get_surface_capabilities2 [enabled=0, external=0]
10-04 15:23:24.524 12322 12427 D Unity   : [Vulkan init] extensions: name=VK_KHR_surface [enabled=1, external=0]
10-04 15:23:24.524 12322 12427 D Unity   : [Vulkan init] extensions: name=VK_KHR_surface_protected_capabilities [enabled=0, external=0]
10-04 15:23:24.531 12322 12427 D Unity   : [Vulkan init] SelectPhysicalDevice requestedDeviceIndex=-1 xrDevice=0x0
10-04 15:23:24.532 12322 12427 D Unity   : [Vulkan init] Physical Device 0x787e84de59c0 [0]: "llvmpipe (LLVM 21.1.2, 256 bits)" deviceType=4 vendorID=10005 deviceID=0
10-04 15:23:24.532 12322 12427 D Unity   : Vulkan detection: 0
10-04 15:23:24.559 12322 12427 D Unity   : [EGL] Request: ES 3.2 RGB 000 0/0
10-04 15:23:24.559 12322 12427 D Unity   : [EGL] Checking ES 3.2 support...
10-04 15:23:24.560 12322 12427 D Unity   : [EGL] ES3.2 not supported
10-04 15:23:24.560 12322 12427 D Unity   : [EGL] Request: ES 3.1+AEP RGB 000 0/0
10-04 15:23:24.560 12322 12427 D Unity   : [EGL] Checking ES 3.1 support...
10-04 15:23:24.561 12322 12427 D Unity   : [EGL] ES3.1 not supported
10-04 15:23:24.561 12322 12427 D Unity   : [EGL] Request: ES 3.1 RGB 000 0/0
10-04 15:23:24.561 12322 12427 D Unity   : [EGL] Request: ES 3.0 RGB 000 0/0
10-04 15:23:24.561 12322 12427 D Unity   : [EGL] Found: ID[7] ES 3.0 RGB 565 24/8
10-04 15:23:24.564 12322 12427 D Unity   : GfxDevice: creating device client; kGfxThreadingModeThreaded
10-04 15:23:24.567 12322 12427 D Unity   : [EGL] Request: ES 3.2 RGB 000 0/0
10-04 15:23:24.569 12322 12427 D Unity   : [EGL] Request: ES 3.1+AEP RGB 000 0/0
10-04 15:23:24.569 12322 12427 D Unity   : [EGL] Request: ES 3.1 RGB 000 0/0
10-04 15:23:24.569 12322 12427 D Unity   : [EGL] Request: ES 3.0 RGB 000 0/0
10-04 15:23:24.569 12322 12427 D Unity   : [EGL] Found: ID[7] ES 3.0 RGB 565 24/8
10-04 15:23:24.572 12322 12427 D Unity   : [EGL] Request: ES 3.0 RGBA 8888 0/0
10-04 15:23:24.573 12322 12427 D Unity   : [EGL] Found: ID[2] ES 3.0 RGBA 8888 24/8
10-04 15:23:24.575 12322 12427 D Unity   : ANativeWindow: (1080/1920) RequestedResolution: (0/0) RenderingResolution: (0/0) EGLSurface: (1080/1920)
10-04 15:23:24.596 12322 12427 D Unity   : Renderer: Android Emulator OpenGL ES Translator (Google SwiftShader)
10-04 15:23:24.596 12322 12427 D Unity   : Vendor:   Google (Google Inc.)
10-04 15:23:24.597 12322 12427 D Unity   : Version:  OpenGL ES 3.0 (OpenGL ES 3.0 SwiftShader 4.0.0.1)
10-04 15:23:24.597 12322 12427 D Unity   : GLES:     3
10-04 15:23:24.597 12322 12427 D Unity   :  GL_EXT_debug_marker GL_EXT_robustness GL_OES_EGL_sync GL_OES_EGL_image GL_OES_EGL_image_external GL_OES_depth24 GL_OES_depth32 GL_OES_element_index_uint GL_OES_texture_float GL_OES_texture_float_linear GL_OES_compressed_paletted_texture GL_OES_compressed_ETC1_RGB8_texture GL_OES_depth_texture GL_OES_texture_half_float GL_OES_texture_half_float_linear GL_OES_packed_depth_stencil GL_OES_vertex_half_float GL_OES_standard_derivatives GL_OES_texture_npot GL_OES_rgb8_rgba8 GL_EXT_color_buffer_float GL_EXT_color_buffer_half_float GL_EXT_texture_format_BGRA8888 GL_APPLE_texture_format_BGRA8888 ANDROID_EMU_CHECKSUM_HELPER_v1 ANDROID_EMU_native_sync_v2 ANDROID_EMU_dma_v1 ANDROID_EMU_direct_mem ANDROID_EMU_host_composition_v1 ANDROID_EMU_host_composition_v2 ANDROID_EMU_vulkan ANDROID_EMU_deferred_vulkan_commands ANDROID_EMU_vulkan_null_optional_strings ANDROID_EMU_vulkan_create_resources_with_requirements ANDROID_EMU_YUV_Cache ANDROID_EMU_vulkan_ignored_handles ANDROID_EMU_has_shared_slots_host_memory_allocator ANDROI
10-04 15:23:24.597 12322 12427 D Unity   : D_EMU_vulkan_free_memory_sync ANDROID_EMU_vulkan_shader_float16_int8 ANDROID_EMU_vulkan_async_queue_submit ANDROID_EMU_vulkan_queue_submit_with_commands ANDROID_EMU_sync_buffer_data ANDROID_EMU_vulkan_async_qsri ANDROID_EMU_read_color_buffer_dma ANDROID_EMU_hwc_multi_configs ANDROID_EMU_hwc_color_transform GL_OES_EGL_image_external_essl3 GL_OES_vertex_array_object GL_KHR_texture_compression_astc_ldr ANDROID_EMU_host_side_tracing ANDROID_EMU_gles_max_version_3_0
10-04 15:23:24.607 12322 12427 D Unity   : OPENGL LOG: Creating OpenGL ES 3.0 graphics device ; Context level  <OpenGL ES 3.0> ; Context handle -186927456
10-04 15:23:24.618 12322 12427 D Unity   : [EGL] Attaching window :0x787d54db0750
10-04 15:23:24.622 12322 12427 D Unity   : Requested framebuffer: resolution[1080x1920], rgba[8/8/8/8], depth+stencil[on], samples[1]
10-04 15:23:24.623 12322 12427 D Unity   : Created framebuffer: resolution[1080x1920], rgba[8/8/8/8], depth+stencil[24/8], samples[0] 
10-04 15:23:24.637 12322 12427 D Unity   : SwappyWrapper: InitSwappyWrapper() succeeded.
10-04 15:23:24.653 12322 12427 D Unity   : [EGL] Attaching window :0x787d54db0750
10-04 15:23:24.653 12322 12427 D Unity   : Initialize engine version: 6000.3.25f1 (e1dba0a9aba4)
10-04 15:23:24.851 12322 12427 D Unity   : [Physics::Module] Selected backend.
10-04 15:23:24.851 12322 12427 D Unity   : [Physics::Module] Name: PhysX
10-04 15:23:24.852 12322 12427 D Unity   : [Physics::Module] Id: 0xf2b8ea05
10-04 15:23:24.852 12322 12427 D Unity   : [Physics::Module] SDK Version: 4.1.2
10-04 15:23:24.852 12322 12427 D Unity   : [Physics::Module] Integration Version: 1.0.0
10-04 15:23:24.852 12322 12427 D Unity   : [Physics::Module] Threading Mode: Multi-Threaded
10-04 15:23:25.109 12322 12427 D Unity   : ERROR: Shader 
10-04 15:23:25.109 12322 12427 D Unity   : Hidden/CoreSRP/CoreCopy shader is not supported on this GPU (none of subshaders/fallbacks are suitable)
10-04 15:23:25.217 12322 12427 D Unity   : ERROR: Shader 
10-04 15:23:25.217 12322 12427 D Unity   : Hidden/Universal/HDRDebugView shader is not supported on this GPU (none of subshaders/fallbacks are suitable)
10-04 15:23:25.302 12322 12427 D Unity   : PlayerInitEngineGraphics OK
10-04 15:23:25.327 12322 12427 I Unity   : SetGameState: isLoading: false, mode: UNKNOWN, label: -1, quality: 2
10-04 15:23:25.327 12322 12427 I Unity   :     HasWindow = 1, HasFocus = 0
10-04 15:23:25.328 12322 12427 I Unity   : Handle cmd APP_CMD_WINDOW_RESIZED(3)
10-04 15:23:25.328 12322 12427 D Unity   : NativeWindow resized 1080x1920
10-04 15:23:25.328 12322 12427 I Unity   : Handle cmd APP_CMD_WINDOW_REDRAW_NEEDED(4)
10-04 15:23:25.328 12322 12427 I Unity   : Handle cmd APP_CMD_GAINED_FOCUS(7)
10-04 15:23:25.329 12322 12427 I Unity   : Handle cmd APP_CMD_WINDOW_INSETS_CHANGED(17)
10-04 15:23:25.332 12322 12427 D Unity   : ANativeWindow: (1080/1920) RequestedResolution: (0/0) RenderingResolution: (0/0) EGLSurface: (1080/1920)
10-04 15:23:25.400 12322 12427 I Unity   : SetGameState: isLoading: true, mode: UNKNOWN, label: 0, quality: 2
10-04 15:23:27.482 12322 12427 D Unity   : UnloadTime: 14.313000 ms
10-04 15:23:28.039 12322 12427 I Unity   : SetGameState: isLoading: true, mode: UNKNOWN, label: -4, quality: 2
10-04 15:23:28.310 12322 12427 I Unity   : SetGameState: isLoading: false, mode: UNKNOWN, label: 0, quality: 2
10-04 15:23:28.317 12322 12427 D Unity   : Using NDK Choreographer.
10-04 15:23:28.345 12322 12427 D Unity   : Stopping Unity systrace
10-04 15:24:25.792 14265 14265 I Unity   : applyWindowUIChanges fullScreen = true, renderOutsideSafeArea = true
10-04 15:24:26.111 14265 14265 V Unity   : Context Type: GameActivity
10-04 15:24:26.115 14265 14265 D Unity   : CommandLine:  
10-04 15:24:26.132 14265 14281 I Unity   : UnityApplication::CreateInstance
10-04 15:24:26.132 14265 14281 I Unity   : GameActivity Package Version '4.4.0'
10-04 15:24:26.137 14265 14281 I Unity   : Starting Game Loop
10-04 15:24:26.178 14265 14265 I Unity   : onResume
10-04 15:24:26.178 14265 14281 I Unity   : Handle cmd APP_CMD_START(11)
10-04 15:24:26.182 14265 14281 I Unity   : Handle cmd APP_CMD_RESUME(12)
10-04 15:24:26.200 14265 14281 I Unity   : Handle cmd APP_CMD_WINDOW_INSETS_CHANGED(17)
10-04 15:24:26.205 14265 14281 I Unity   : Handle cmd APP_CMD_WINDOW_INSETS_CHANGED(17)
10-04 15:24:26.206 14265 14281 I Unity   : Handle cmd APP_CMD_CONTENT_RECT_CHANGED(5)
10-04 15:24:26.208 14265 14281 I Unity   : Handle cmd APP_CMD_INIT_WINDOW(1)
10-04 15:24:26.271 14265 14281 I Unity   : MemoryManager: Using 'Dynamic Heap' Allocator.
10-04 15:24:26.276 14265 14281 D Unity   : [UnityMemory] Configuration Parameters - Can be set up in boot.config
10-04 15:24:26.276 14265 14281 D Unity   :     "memorysetup-allocator-temp-initial-block-size-main=262144"
10-04 15:24:26.277 14265 14281 D Unity   :     "memorysetup-allocator-temp-initial-block-size-worker=262144"
10-04 15:24:26.277 14265 14281 D Unity   :     "memorysetup-temp-allocator-size-background-worker=32768"
10-04 15:24:26.277 14265 14281 D Unity   :     "memorysetup-temp-allocator-size-job-worker=262144"
10-04 15:24:26.286 14265 14281 D Unity   :     "memorysetup-temp-allocator-size-preload-manager=262144"
10-04 15:24:26.286 14265 14281 D Unity   :     "memorysetup-remapper-allocator-initial-capacity=32768"
10-04 15:24:26.287 14265 14281 D Unity   :     "memorysetup-temp-allocator-size-nav-mesh-worker=65536"
10-04 15:24:26.287 14265 14281 D Unity   :     "memorysetup-temp-allocator-size-audio-worker=65536"
10-04 15:24:26.287 14265 14281 D Unity   :     "memorysetup-temp-allocator-size-cloud-worker=32768"
10-04 15:24:26.287 14265 14281 D Unity   :     "memorysetup-bucket-allocator-granularity=16"
10-04 15:24:26.287 14265 14281 D Unity   :     "memorysetup-bucket-allocator-bucket-count=8"
10-04 15:24:26.287 14265 14281 D Unity   :     "memorysetup-bucket-allocator-block-size=4194304"
10-04 15:24:26.287 14265 14281 D Unity   :     "memorysetup-bucket-allocator-block-count=1"
10-04 15:24:26.288 14265 14281 D Unity   :     "memorysetup-main-allocator-block-size=16777216"
10-04 15:24:26.288 14265 14281 D Unity   :     "memorysetup-thread-allocator-block-size=16777216"
10-04 15:24:26.288 14265 14281 D Unity   :     "memorysetup-gfx-main-allocator-block-size=16777216"
10-04 15:24:26.288 14265 14281 D Unity   :     "memorysetup-gfx-thread-allocator-block-size=16777216"
10-04 15:24:26.288 14265 14281 D Unity   :     "memorysetup-cache-allocator-block-size=4194304"
10-04 15:24:26.288 14265 14281 D Unity   :     "memorysetup-typetree-allocator-block-size=2097152"
10-04 15:24:26.288 14265 14281 D Unity   :     "memorysetup-profiler-bucket-allocator-granularity=16"
10-04 15:24:26.288 14265 14281 D Unity   :     "memorysetup-profiler-bucket-allocator-bucket-count=8"
10-04 15:24:26.288 14265 14281 D Unity   :     "memorysetup-profiler-bucket-allocator-block-size=4194304"
10-04 15:24:26.289 14265 14281 D Unity   :     "memorysetup-profiler-bucket-allocator-block-count=1"
10-04 15:24:26.289 14265 14281 D Unity   :     "memorysetup-profiler-allocator-block-size=16777216"
10-04 15:24:26.289 14265 14281 D Unity   :     "memorysetup-profiler-editor-allocator-block-size=1048576"
10-04 15:24:26.289 14265 14281 D Unity   :     "memorysetup-temp-allocator-size-main=4194304"
10-04 15:24:26.289 14265 14281 D Unity   :     "memorysetup-job-temp-allocator-block-size=2097152"
10-04 15:24:26.289 14265 14281 D Unity   :     "memorysetup-job-temp-allocator-block-size-background=1048576"
10-04 15:24:26.289 14265 14281 D Unity   :     "memorysetup-job-temp-allocator-reduction-small-platforms=262144"
10-04 15:24:26.289 14265 14281 D Unity   :     "memorysetup-temp-allocator-size-gfx=262144"
10-04 15:24:26.304 14265 14265 I Unity   : windowFocusChanged: true
10-04 15:24:26.304 14265 14265 I Unity   : applyWindowUIChanges fullScreen = true, renderOutsideSafeArea = true
10-04 15:24:26.304 14265 14265 I Unity   : resumeUnity
10-04 15:24:26.492 14265 14281 D Unity   : Enabling Unity systrace
10-04 15:24:26.493 14265 14281 D Unity   : Starting Unity systrace
10-04 15:24:26.570 14265 14281 I Unity   : SetGameState: isLoading: true, mode: UNKNOWN, label: -2, quality: -1
10-04 15:24:26.578 14265 14281 D Unity   : [VFS] Mount /data/app/~~Vj8MJCStP9aPotb6vdLEIQ==/com.DefaultCompany.urp_2d-0zCYXEAhzfA-Ks8dwi79PA==/base.apk
10-04 15:24:26.602 14265 14281 I Unity   : SystemInfo CPU = x86-64 SSE3 SSE4.1 AVX, Cores = 2, Memory = 2976mb
10-04 15:24:26.603 14265 14281 I Unity   : SystemInfo ARM big.LITTLE configuration: 2 big (mask: 0x3), 0 little (mask: 0x0)
10-04 15:24:26.603 14265 14281 I Unity   : ApplicationInfo 'com.DefaultCompany.urp_2d', Version '1.0', Min API Level '25', Target API Level '36'
10-04 15:24:26.603 14265 14281 I Unity   : Built from '6000.3/staging' branch, Version '6000.3.25f1 (e1dba0a9aba4)', Build type 'Development', Scripting Backend 'il2cpp', CPU 'arm64-v8a', Stripping 'Enabled'
10-04 15:24:26.604 14265 14281 I Unity   : Device Model 'Google sdk_gphone64_x86_64', OS 'Android OS 15 (API 35)'
10-04 15:24:26.612 14265 14281 D Unity   : Determine if il2cpp resources need to extracted:
10-04 15:24:26.615 14265 14265 I Unity   : applyWindowUIChanges fullScreen = true, renderOutsideSafeArea = true
10-04 15:24:26.619 14265 14281 D Unity   :     il2cpp resources are up to date, not extracting
10-04 15:24:26.893 14265 14281 D Unity   : [EGL] Attaching window :0x787d54db0750
10-04 15:24:26.894 14265 14281 D Unity   : InitializeScriptEngine OK (0x787fba9a7fc0)
10-04 15:24:26.900 14265 14281 D Unity   : Found 2 interfaces on host :
10-04 15:24:26.900 14265 14281 D Unity   :  0) 10.0.2.15
10-04 15:24:26.900 14265 14281 D Unity   :  1) 10.0.2.16
10-04 15:24:26.900 14265 14281 D Unity   : 
10-04 15:24:26.902 14265 14281 D Unity   : Player connection [132476322154688]  Target information:
10-04 15:24:26.902 14265 14281 D Unity   : 
10-04 15:24:26.902 14265 14281 D Unity   : Player connection [132476322154688]  * "[IP] 10.0.2.15 [Port] 55000 [Flags] 2 [Guid] 2136741769 [EditorId] 1623866242 [Version] 1048832 [Id] AndroidPlayer(11,Google_sdk_gphone64_x86_64@10.0.2.16) [Debug] 0 [PackageName] AndroidPlayer [ProjectName] Startup Life" 
10-04 15:24:26.902 14265 14281 D Unity   : 
10-04 15:24:26.902 14265 14281 D Unity   : Player connection [132476322154688]  * "[IP] 10.0.2.16 [Port] 55000 [Flags] 2 [Guid] 2136741769 [EditorId] 1623866242 [Version] 1048832 [Id] AndroidPlayer(11,Google_sdk_gphone64_x86_64@10.0.2.16) [Debug] 0 [PackageName] AndroidPlayer [ProjectName] Startup Life" 
10-04 15:24:26.902 14265 14281 D Unity   : 
10-04 15:24:26.903 14265 14281 D Unity   : Player connection [132476322154688] Started UDP target info broadcast (1) on [225.0.0.222:54997].
10-04 15:24:26.903 14265 14281 D Unity   : 
10-04 15:24:26.942 14265 14281 D Unity   : Input System module state changed to: Initialized.
10-04 15:24:26.965 14265 14281 D Unity   : [Physics::Module] Initialized fallback backend.
10-04 15:24:26.965 14265 14281 D Unity   : [Physics::Module] Id: 0xdecafbad
10-04 15:24:27.007 14265 14281 D Unity   : PlayerInitEngineNoGraphics OK
10-04 15:24:27.007 14265 14281 I Unity   : Company Name: Startup Life
10-04 15:24:27.007 14265 14281 I Unity   : Product Name: Startup Life
10-04 15:24:27.007 14265 14281 D Unity   : AndroidGraphics::Startup window =  0x787d54db0750
10-04 15:24:27.007 14265 14281 D Unity   : [EGL] Attaching window :0x787d54db0750
10-04 15:24:27.008 14265 14265 I Unity   : applyWindowUIChanges fullScreen = true, renderOutsideSafeArea = true
10-04 15:24:27.014 14265 14281 D Unity   : [Subsystems] Discovering subsystems at path /data/app/~~Vj8MJCStP9aPotb6vdLEIQ==/com.DefaultCompany.urp_2d-0zCYXEAhzfA-Ks8dwi79PA==/base.apk/assets/bin/Data/UnitySubsystems
10-04 15:24:27.024 14265 14281 D Unity   : [Vulkan init] extensions: count=13
10-04 15:24:27.024 14265 14281 D Unity   : [Vulkan init] extensions: name=VK_EXT_debug_report [enabled=0, external=0]
10-04 15:24:27.025 14265 14281 D Unity   : [Vulkan init] extensions: name=VK_EXT_debug_utils [enabled=1, external=0]
10-04 15:24:27.025 14265 14281 D Unity   : [Vulkan init] extensions: name=VK_EXT_surface_maintenance1 [enabled=0, external=0]
10-04 15:24:27.025 14265 14281 D Unity   : [Vulkan init] extensions: name=VK_EXT_swapchain_colorspace [enabled=1, external=0]
10-04 15:24:27.025 14265 14281 D Unity   : [Vulkan init] extensions: name=VK_GOOGLE_surfaceless_query [enabled=0, external=0]
10-04 15:24:27.025 14265 14281 D Unity   : [Vulkan init] extensions: name=VK_KHR_android_surface [enabled=1, external=0]
10-04 15:24:27.025 14265 14281 D Unity   : [Vulkan init] extensions: name=VK_KHR_external_fence_capabilities [enabled=1, external=0]
10-04 15:24:27.025 14265 14281 D Unity   : [Vulkan init] extensions: name=VK_KHR_external_memory_capabilities [enabled=1, external=0]
10-04 15:24:27.025 14265 14281 D Unity   : [Vulkan init] extensions: name=VK_KHR_external_semaphore_capabilities [enabled=1, external=0]
10-04 15:24:27.025 14265 14281 D Unity   : [Vulkan init] extensions: name=VK_KHR_get_physical_device_properties2 [enabled=1, external=0]
10-04 15:24:27.025 14265 14281 D Unity   : [Vulkan init] extensions: name=VK_KHR_get_surface_capabilities2 [enabled=0, external=0]
10-04 15:24:27.025 14265 14281 D Unity   : [Vulkan init] extensions: name=VK_KHR_surface [enabled=1, external=0]
10-04 15:24:27.025 14265 14281 D Unity   : [Vulkan init] extensions: name=VK_KHR_surface_protected_capabilities [enabled=0, external=0]
10-04 15:24:27.032 14265 14281 D Unity   : [Vulkan init] SelectPhysicalDevice requestedDeviceIndex=-1 xrDevice=0x0
10-04 15:24:27.033 14265 14281 D Unity   : [Vulkan init] Physical Device 0x787e84de2220 [0]: "llvmpipe (LLVM 21.1.2, 256 bits)" deviceType=4 vendorID=10005 deviceID=0
10-04 15:24:27.033 14265 14281 D Unity   : Vulkan detection: 0
10-04 15:24:27.046 14265 14281 D Unity   : [EGL] Request: ES 3.2 RGB 000 0/0
10-04 15:24:27.046 14265 14281 D Unity   : [EGL] Checking ES 3.2 support...
10-04 15:24:27.046 14265 14281 D Unity   : [EGL] ES3.2 not supported
10-04 15:24:27.046 14265 14281 D Unity   : [EGL] Request: ES 3.1+AEP RGB 000 0/0
10-04 15:24:27.046 14265 14281 D Unity   : [EGL] Checking ES 3.1 support...
10-04 15:24:27.046 14265 14281 D Unity   : [EGL] ES3.1 not supported
10-04 15:24:27.047 14265 14281 D Unity   : [EGL] Request: ES 3.1 RGB 000 0/0
10-04 15:24:27.047 14265 14281 D Unity   : [EGL] Request: ES 3.0 RGB 000 0/0
10-04 15:24:27.047 14265 14281 D Unity   : [EGL] Found: ID[7] ES 3.0 RGB 565 24/8
10-04 15:24:27.048 14265 14281 D Unity   : GfxDevice: creating device client; kGfxThreadingModeThreaded
10-04 15:24:27.049 14265 14281 D Unity   : [EGL] Request: ES 3.2 RGB 000 0/0
10-04 15:24:27.050 14265 14281 D Unity   : [EGL] Request: ES 3.1+AEP RGB 000 0/0
10-04 15:24:27.050 14265 14281 D Unity   : [EGL] Request: ES 3.1 RGB 000 0/0
10-04 15:24:27.051 14265 14281 D Unity   : [EGL] Request: ES 3.0 RGB 000 0/0
10-04 15:24:27.051 14265 14281 D Unity   : [EGL] Found: ID[7] ES 3.0 RGB 565 24/8
10-04 15:24:27.052 14265 14281 D Unity   : [EGL] Request: ES 3.0 RGBA 8888 0/0
10-04 15:24:27.053 14265 14281 D Unity   : [EGL] Found: ID[2] ES 3.0 RGBA 8888 24/8
10-04 15:24:27.055 14265 14281 D Unity   : ANativeWindow: (1080/1920) RequestedResolution: (0/0) RenderingResolution: (0/0) EGLSurface: (1080/1920)
10-04 15:24:27.066 14265 14281 D Unity   : Renderer: Android Emulator OpenGL ES Translator (Google SwiftShader)
10-04 15:24:27.066 14265 14281 D Unity   : Vendor:   Google (Google Inc.)
10-04 15:24:27.066 14265 14281 D Unity   : Version:  OpenGL ES 3.0 (OpenGL ES 3.0 SwiftShader 4.0.0.1)
10-04 15:24:27.066 14265 14281 D Unity   : GLES:     3
10-04 15:24:27.066 14265 14281 D Unity   :  GL_EXT_debug_marker GL_EXT_robustness GL_OES_EGL_sync GL_OES_EGL_image GL_OES_EGL_image_external GL_OES_depth24 GL_OES_depth32 GL_OES_element_index_uint GL_OES_texture_float GL_OES_texture_float_linear GL_OES_compressed_paletted_texture GL_OES_compressed_ETC1_RGB8_texture GL_OES_depth_texture GL_OES_texture_half_float GL_OES_texture_half_float_linear GL_OES_packed_depth_stencil GL_OES_vertex_half_float GL_OES_standard_derivatives GL_OES_texture_npot GL_OES_rgb8_rgba8 GL_EXT_color_buffer_float GL_EXT_color_buffer_half_float GL_EXT_texture_format_BGRA8888 GL_APPLE_texture_format_BGRA8888 ANDROID_EMU_CHECKSUM_HELPER_v1 ANDROID_EMU_native_sync_v2 ANDROID_EMU_dma_v1 ANDROID_EMU_direct_mem ANDROID_EMU_host_composition_v1 ANDROID_EMU_host_composition_v2 ANDROID_EMU_vulkan ANDROID_EMU_deferred_vulkan_commands ANDROID_EMU_vulkan_null_optional_strings ANDROID_EMU_vulkan_create_resources_with_requirements ANDROID_EMU_YUV_Cache ANDROID_EMU_vulkan_ignored_handles ANDROID_EMU_has_shared_slots_host_memory_allocator ANDROI
10-04 15:24:27.066 14265 14281 D Unity   : D_EMU_vulkan_free_memory_sync ANDROID_EMU_vulkan_shader_float16_int8 ANDROID_EMU_vulkan_async_queue_submit ANDROID_EMU_vulkan_queue_submit_with_commands ANDROID_EMU_sync_buffer_data ANDROID_EMU_vulkan_async_qsri ANDROID_EMU_read_color_buffer_dma ANDROID_EMU_hwc_multi_configs ANDROID_EMU_hwc_color_transform GL_OES_EGL_image_external_essl3 GL_OES_vertex_array_object GL_KHR_texture_compression_astc_ldr ANDROID_EMU_host_side_tracing ANDROID_EMU_gles_max_version_3_0
10-04 15:24:27.070 14265 14281 D Unity   : OPENGL LOG: Creating OpenGL ES 3.0 graphics device ; Context level  <OpenGL ES 3.0> ; Context handle -187034160
10-04 15:24:27.076 14265 14281 D Unity   : [EGL] Attaching window :0x787d54db0750
10-04 15:24:27.078 14265 14281 D Unity   : Requested framebuffer: resolution[1080x1920], rgba[8/8/8/8], depth+stencil[on], samples[1]
10-04 15:24:27.079 14265 14281 D Unity   : Created framebuffer: resolution[1080x1920], rgba[8/8/8/8], depth+stencil[24/8], samples[0] 
10-04 15:24:27.104 14265 14281 D Unity   : SwappyWrapper: InitSwappyWrapper() succeeded.
10-04 15:24:27.121 14265 14281 D Unity   : [EGL] Attaching window :0x787d54db0750
10-04 15:24:27.122 14265 14281 D Unity   : Initialize engine version: 6000.3.25f1 (e1dba0a9aba4)
10-04 15:24:27.271 14265 14281 D Unity   : [Physics::Module] Selected backend.
10-04 15:24:27.271 14265 14281 D Unity   : [Physics::Module] Name: PhysX
10-04 15:24:27.271 14265 14281 D Unity   : [Physics::Module] Id: 0xf2b8ea05
10-04 15:24:27.271 14265 14281 D Unity   : [Physics::Module] SDK Version: 4.1.2
10-04 15:24:27.271 14265 14281 D Unity   : [Physics::Module] Integration Version: 1.0.0
10-04 15:24:27.271 14265 14281 D Unity   : [Physics::Module] Threading Mode: Multi-Threaded
10-04 15:24:27.543 14265 14281 D Unity   : ERROR: Shader 
10-04 15:24:27.543 14265 14281 D Unity   : Hidden/CoreSRP/CoreCopy shader is not supported on this GPU (none of subshaders/fallbacks are suitable)
10-04 15:24:27.647 14265 14281 D Unity   : ERROR: Shader 
10-04 15:24:27.647 14265 14281 D Unity   : Hidden/Universal/HDRDebugView shader is not supported on this GPU (none of subshaders/fallbacks are suitable)
10-04 15:24:27.733 14265 14281 D Unity   : PlayerInitEngineGraphics OK
10-04 15:24:27.759 14265 14281 I Unity   : SetGameState: isLoading: false, mode: UNKNOWN, label: -1, quality: 2
10-04 15:24:27.760 14265 14281 I Unity   :     HasWindow = 1, HasFocus = 0
10-04 15:24:27.760 14265 14281 I Unity   : Handle cmd APP_CMD_WINDOW_RESIZED(3)
10-04 15:24:27.761 14265 14281 D Unity   : NativeWindow resized 1080x1920
10-04 15:24:27.761 14265 14281 I Unity   : Handle cmd APP_CMD_WINDOW_REDRAW_NEEDED(4)
10-04 15:24:27.761 14265 14281 I Unity   : Handle cmd APP_CMD_GAINED_FOCUS(7)
10-04 15:24:27.761 14265 14281 I Unity   : Handle cmd APP_CMD_WINDOW_INSETS_CHANGED(17)
10-04 15:24:27.764 14265 14281 D Unity   : ANativeWindow: (1080/1920) RequestedResolution: (0/0) RenderingResolution: (0/0) EGLSurface: (1080/1920)
10-04 15:24:27.832 14265 14281 I Unity   : SetGameState: isLoading: true, mode: UNKNOWN, label: 0, quality: 2
10-04 15:24:29.914 14265 14281 D Unity   : UnloadTime: 14.623500 ms
10-04 15:24:30.486 14265 14281 I Unity   : SetGameState: isLoading: true, mode: UNKNOWN, label: -4, quality: 2
10-04 15:24:30.752 14265 14281 I Unity   : SetGameState: isLoading: false, mode: UNKNOWN, label: 0, quality: 2
10-04 15:24:30.758 14265 14281 D Unity   : Using NDK Choreographer.
10-04 15:24:30.778 14265 14281 D Unity   : Stopping Unity systrace
10-04 15:24:34.260 14360 14360 I Unity   : applyWindowUIChanges fullScreen = true, renderOutsideSafeArea = true
10-04 15:24:34.589 14360 14360 V Unity   : Context Type: GameActivity
10-04 15:24:34.593 14360 14360 D Unity   : CommandLine:  
10-04 15:24:34.610 14360 14377 I Unity   : UnityApplication::CreateInstance
10-04 15:24:34.611 14360 14377 I Unity   : GameActivity Package Version '4.4.0'
10-04 15:24:34.615 14360 14377 I Unity   : Starting Game Loop
10-04 15:24:34.657 14360 14360 I Unity   : onResume
10-04 15:24:34.657 14360 14377 I Unity   : Handle cmd APP_CMD_START(11)
10-04 15:24:34.660 14360 14377 I Unity   : Handle cmd APP_CMD_RESUME(12)
10-04 15:24:34.686 14360 14377 I Unity   : Handle cmd APP_CMD_WINDOW_INSETS_CHANGED(17)
10-04 15:24:34.691 14360 14377 I Unity   : Handle cmd APP_CMD_WINDOW_INSETS_CHANGED(17)
10-04 15:24:34.692 14360 14377 I Unity   : Handle cmd APP_CMD_CONTENT_RECT_CHANGED(5)
10-04 15:24:34.696 14360 14377 I Unity   : Handle cmd APP_CMD_INIT_WINDOW(1)
10-04 15:24:34.741 14360 14377 I Unity   : MemoryManager: Using 'Dynamic Heap' Allocator.
10-04 15:24:34.743 14360 14377 D Unity   : [UnityMemory] Configuration Parameters - Can be set up in boot.config
10-04 15:24:34.743 14360 14377 D Unity   :     "memorysetup-allocator-temp-initial-block-size-main=262144"
10-04 15:24:34.743 14360 14377 D Unity   :     "memorysetup-allocator-temp-initial-block-size-worker=262144"
10-04 15:24:34.743 14360 14377 D Unity   :     "memorysetup-temp-allocator-size-background-worker=32768"
10-04 15:24:34.743 14360 14377 D Unity   :     "memorysetup-temp-allocator-size-job-worker=262144"
10-04 15:24:34.743 14360 14377 D Unity   :     "memorysetup-temp-allocator-size-preload-manager=262144"
10-04 15:24:34.743 14360 14377 D Unity   :     "memorysetup-remapper-allocator-initial-capacity=32768"
10-04 15:24:34.743 14360 14377 D Unity   :     "memorysetup-temp-allocator-size-nav-mesh-worker=65536"
10-04 15:24:34.744 14360 14377 D Unity   :     "memorysetup-temp-allocator-size-audio-worker=65536"
10-04 15:24:34.744 14360 14377 D Unity   :     "memorysetup-temp-allocator-size-cloud-worker=32768"
10-04 15:24:34.744 14360 14377 D Unity   :     "memorysetup-bucket-allocator-granularity=16"
10-04 15:24:34.744 14360 14377 D Unity   :     "memorysetup-bucket-allocator-bucket-count=8"
10-04 15:24:34.744 14360 14377 D Unity   :     "memorysetup-bucket-allocator-block-size=4194304"
10-04 15:24:34.745 14360 14377 D Unity   :     "memorysetup-bucket-allocator-block-count=1"
10-04 15:24:34.745 14360 14377 D Unity   :     "memorysetup-main-allocator-block-size=16777216"
10-04 15:24:34.745 14360 14377 D Unity   :     "memorysetup-thread-allocator-block-size=16777216"
10-04 15:24:34.745 14360 14377 D Unity   :     "memorysetup-gfx-main-allocator-block-size=16777216"
10-04 15:24:34.745 14360 14377 D Unity   :     "memorysetup-gfx-thread-allocator-block-size=16777216"
10-04 15:24:34.745 14360 14377 D Unity   :     "memorysetup-cache-allocator-block-size=4194304"
10-04 15:24:34.745 14360 14377 D Unity   :     "memorysetup-typetree-allocator-block-size=2097152"
10-04 15:24:34.745 14360 14377 D Unity   :     "memorysetup-profiler-bucket-allocator-granularity=16"
10-04 15:24:34.745 14360 14377 D Unity   :     "memorysetup-profiler-bucket-allocator-bucket-count=8"
10-04 15:24:34.745 14360 14377 D Unity   :     "memorysetup-profiler-bucket-allocator-block-size=4194304"
10-04 15:24:34.745 14360 14377 D Unity   :     "memorysetup-profiler-bucket-allocator-block-count=1"
10-04 15:24:34.745 14360 14377 D Unity   :     "memorysetup-profiler-allocator-block-size=16777216"
10-04 15:24:34.745 14360 14377 D Unity   :     "memorysetup-profiler-editor-allocator-block-size=1048576"
10-04 15:24:34.745 14360 14377 D Unity   :     "memorysetup-temp-allocator-size-main=4194304"
10-04 15:24:34.746 14360 14377 D Unity   :     "memorysetup-job-temp-allocator-block-size=2097152"
10-04 15:24:34.746 14360 14377 D Unity   :     "memorysetup-job-temp-allocator-block-size-background=1048576"
10-04 15:24:34.747 14360 14377 D Unity   :     "memorysetup-job-temp-allocator-reduction-small-platforms=262144"
10-04 15:24:34.747 14360 14377 D Unity   :     "memorysetup-temp-allocator-size-gfx=262144"
10-04 15:24:34.786 14360 14360 I Unity   : windowFocusChanged: true
10-04 15:24:34.786 14360 14360 I Unity   : applyWindowUIChanges fullScreen = true, renderOutsideSafeArea = true
10-04 15:24:34.786 14360 14360 I Unity   : resumeUnity
10-04 15:24:34.919 14360 14377 D Unity   : Enabling Unity systrace
10-04 15:24:34.919 14360 14377 D Unity   : Starting Unity systrace
10-04 15:24:35.004 14360 14377 I Unity   : SetGameState: isLoading: true, mode: UNKNOWN, label: -2, quality: -1
10-04 15:24:35.015 14360 14377 D Unity   : [VFS] Mount /data/app/~~Vj8MJCStP9aPotb6vdLEIQ==/com.DefaultCompany.urp_2d-0zCYXEAhzfA-Ks8dwi79PA==/base.apk
10-04 15:24:35.039 14360 14377 I Unity   : SystemInfo CPU = x86-64 SSE3 SSE4.1 AVX, Cores = 2, Memory = 2976mb
10-04 15:24:35.039 14360 14377 I Unity   : SystemInfo ARM big.LITTLE configuration: 2 big (mask: 0x3), 0 little (mask: 0x0)
10-04 15:24:35.040 14360 14377 I Unity   : ApplicationInfo 'com.DefaultCompany.urp_2d', Version '1.0', Min API Level '25', Target API Level '36'
10-04 15:24:35.040 14360 14377 I Unity   : Built from '6000.3/staging' branch, Version '6000.3.25f1 (e1dba0a9aba4)', Build type 'Development', Scripting Backend 'il2cpp', CPU 'arm64-v8a', Stripping 'Enabled'
10-04 15:24:35.040 14360 14377 I Unity   : Device Model 'Google sdk_gphone64_x86_64', OS 'Android OS 15 (API 35)'
10-04 15:24:35.049 14360 14377 D Unity   : Determine if il2cpp resources need to extracted:
10-04 15:24:35.053 14360 14360 I Unity   : applyWindowUIChanges fullScreen = true, renderOutsideSafeArea = true
10-04 15:24:35.055 14360 14377 D Unity   :     il2cpp resources are up to date, not extracting
10-04 15:24:35.351 14360 14377 D Unity   : [EGL] Attaching window :0x787d54db0750
10-04 15:24:35.351 14360 14377 D Unity   : InitializeScriptEngine OK (0x787fbe515fc0)
10-04 15:24:35.359 14360 14377 D Unity   : Found 2 interfaces on host :
10-04 15:24:35.359 14360 14377 D Unity   :  0) 10.0.2.15
10-04 15:24:35.359 14360 14377 D Unity   :  1) 10.0.2.16
10-04 15:24:35.359 14360 14377 D Unity   : 
10-04 15:24:35.362 14360 14377 D Unity   : Player connection [132476420720832]  Target information:
10-04 15:24:35.362 14360 14377 D Unity   : 
10-04 15:24:35.362 14360 14377 D Unity   : Player connection [132476420720832]  * "[IP] 10.0.2.15 [Port] 55000 [Flags] 2 [Guid] 4268796973 [EditorId] 1623866242 [Version] 1048832 [Id] AndroidPlayer(11,Google_sdk_gphone64_x86_64@10.0.2.16) [Debug] 0 [PackageName] AndroidPlayer [ProjectName] Startup Life" 
10-04 15:24:35.362 14360 14377 D Unity   : 
10-04 15:24:35.362 14360 14377 D Unity   : Player connection [132476420720832]  * "[IP] 10.0.2.16 [Port] 55000 [Flags] 2 [Guid] 4268796973 [EditorId] 1623866242 [Version] 1048832 [Id] AndroidPlayer(11,Google_sdk_gphone64_x86_64@10.0.2.16) [Debug] 0 [PackageName] AndroidPlayer [ProjectName] Startup Life" 
10-04 15:24:35.362 14360 14377 D Unity   : 
10-04 15:24:35.362 14360 14377 D Unity   : Player connection [132476420720832] Started UDP target info broadcast (1) on [225.0.0.222:54997].
10-04 15:24:35.362 14360 14377 D Unity   : 
10-04 15:24:35.383 14360 14377 D Unity   : Input System module state changed to: Initialized.
10-04 15:24:35.397 14360 14377 D Unity   : [Physics::Module] Initialized fallback backend.
10-04 15:24:35.397 14360 14377 D Unity   : [Physics::Module] Id: 0xdecafbad
10-04 15:24:35.415 14360 14377 D Unity   : PlayerInitEngineNoGraphics OK
10-04 15:24:35.415 14360 14377 I Unity   : Company Name: Startup Life
10-04 15:24:35.415 14360 14377 I Unity   : Product Name: Startup Life
10-04 15:24:35.415 14360 14377 D Unity   : AndroidGraphics::Startup window =  0x787d54db0750
10-04 15:24:35.415 14360 14377 D Unity   : [EGL] Attaching window :0x787d54db0750
10-04 15:24:35.417 14360 14360 I Unity   : applyWindowUIChanges fullScreen = true, renderOutsideSafeArea = true
10-04 15:24:35.420 14360 14377 D Unity   : [Subsystems] Discovering subsystems at path /data/app/~~Vj8MJCStP9aPotb6vdLEIQ==/com.DefaultCompany.urp_2d-0zCYXEAhzfA-Ks8dwi79PA==/base.apk/assets/bin/Data/UnitySubsystems
10-04 15:24:35.430 14360 14377 D Unity   : [Vulkan init] extensions: count=13
10-04 15:24:35.430 14360 14377 D Unity   : [Vulkan init] extensions: name=VK_EXT_debug_report [enabled=0, external=0]
10-04 15:24:35.430 14360 14377 D Unity   : [Vulkan init] extensions: name=VK_EXT_debug_utils [enabled=1, external=0]
10-04 15:24:35.430 14360 14377 D Unity   : [Vulkan init] extensions: name=VK_EXT_surface_maintenance1 [enabled=0, external=0]
10-04 15:24:35.430 14360 14377 D Unity   : [Vulkan init] extensions: name=VK_EXT_swapchain_colorspace [enabled=1, external=0]
10-04 15:24:35.431 14360 14377 D Unity   : [Vulkan init] extensions: name=VK_GOOGLE_surfaceless_query [enabled=0, external=0]
10-04 15:24:35.431 14360 14377 D Unity   : [Vulkan init] extensions: name=VK_KHR_android_surface [enabled=1, external=0]
10-04 15:24:35.431 14360 14377 D Unity   : [Vulkan init] extensions: name=VK_KHR_external_fence_capabilities [enabled=1, external=0]
10-04 15:24:35.431 14360 14377 D Unity   : [Vulkan init] extensions: name=VK_KHR_external_memory_capabilities [enabled=1, external=0]
10-04 15:24:35.431 14360 14377 D Unity   : [Vulkan init] extensions: name=VK_KHR_external_semaphore_capabilities [enabled=1, external=0]
10-04 15:24:35.431 14360 14377 D Unity   : [Vulkan init] extensions: name=VK_KHR_get_physical_device_properties2 [enabled=1, external=0]
10-04 15:24:35.431 14360 14377 D Unity   : [Vulkan init] extensions: name=VK_KHR_get_surface_capabilities2 [enabled=0, external=0]
10-04 15:24:35.431 14360 14377 D Unity   : [Vulkan init] extensions: name=VK_KHR_surface [enabled=1, external=0]
10-04 15:24:35.431 14360 14377 D Unity   : [Vulkan init] extensions: name=VK_KHR_surface_protected_capabilities [enabled=0, external=0]
10-04 15:24:35.438 14360 14377 D Unity   : [Vulkan init] SelectPhysicalDevice requestedDeviceIndex=-1 xrDevice=0x0
10-04 15:24:35.438 14360 14377 D Unity   : [Vulkan init] Physical Device 0x787e84de2220 [0]: "llvmpipe (LLVM 21.1.2, 256 bits)" deviceType=4 vendorID=10005 deviceID=0
10-04 15:24:35.438 14360 14377 D Unity   : Vulkan detection: 0
10-04 15:24:35.451 14360 14377 D Unity   : [EGL] Request: ES 3.2 RGB 000 0/0
10-04 15:24:35.452 14360 14377 D Unity   : [EGL] Checking ES 3.2 support...
10-04 15:24:35.452 14360 14377 D Unity   : [EGL] ES3.2 not supported
10-04 15:24:35.452 14360 14377 D Unity   : [EGL] Request: ES 3.1+AEP RGB 000 0/0
10-04 15:24:35.453 14360 14377 D Unity   : [EGL] Checking ES 3.1 support...
10-04 15:24:35.453 14360 14377 D Unity   : [EGL] ES3.1 not supported
10-04 15:24:35.453 14360 14377 D Unity   : [EGL] Request: ES 3.1 RGB 000 0/0
10-04 15:24:35.454 14360 14377 D Unity   : [EGL] Request: ES 3.0 RGB 000 0/0
10-04 15:24:35.454 14360 14377 D Unity   : [EGL] Found: ID[7] ES 3.0 RGB 565 24/8
10-04 15:24:35.456 14360 14377 D Unity   : GfxDevice: creating device client; kGfxThreadingModeThreaded
10-04 15:24:35.457 14360 14377 D Unity   : [EGL] Request: ES 3.2 RGB 000 0/0
10-04 15:24:35.458 14360 14377 D Unity   : [EGL] Request: ES 3.1+AEP RGB 000 0/0
10-04 15:24:35.458 14360 14377 D Unity   : [EGL] Request: ES 3.1 RGB 000 0/0
10-04 15:24:35.458 14360 14377 D Unity   : [EGL] Request: ES 3.0 RGB 000 0/0
10-04 15:24:35.458 14360 14377 D Unity   : [EGL] Found: ID[7] ES 3.0 RGB 565 24/8
10-04 15:24:35.460 14360 14377 D Unity   : [EGL] Request: ES 3.0 RGBA 8888 0/0
10-04 15:24:35.460 14360 14377 D Unity   : [EGL] Found: ID[2] ES 3.0 RGBA 8888 24/8
10-04 15:24:35.462 14360 14377 D Unity   : ANativeWindow: (1080/1920) RequestedResolution: (0/0) RenderingResolution: (0/0) EGLSurface: (1080/1920)
10-04 15:24:35.473 14360 14377 D Unity   : Renderer: Android Emulator OpenGL ES Translator (Google SwiftShader)
10-04 15:24:35.473 14360 14377 D Unity   : Vendor:   Google (Google Inc.)
10-04 15:24:35.473 14360 14377 D Unity   : Version:  OpenGL ES 3.0 (OpenGL ES 3.0 SwiftShader 4.0.0.1)
10-04 15:24:35.473 14360 14377 D Unity   : GLES:     3
10-04 15:24:35.473 14360 14377 D Unity   :  GL_EXT_debug_marker GL_EXT_robustness GL_OES_EGL_sync GL_OES_EGL_image GL_OES_EGL_image_external GL_OES_depth24 GL_OES_depth32 GL_OES_element_index_uint GL_OES_texture_float GL_OES_texture_float_linear GL_OES_compressed_paletted_texture GL_OES_compressed_ETC1_RGB8_texture GL_OES_depth_texture GL_OES_texture_half_float GL_OES_texture_half_float_linear GL_OES_packed_depth_stencil GL_OES_vertex_half_float GL_OES_standard_derivatives GL_OES_texture_npot GL_OES_rgb8_rgba8 GL_EXT_color_buffer_float GL_EXT_color_buffer_half_float GL_EXT_texture_format_BGRA8888 GL_APPLE_texture_format_BGRA8888 ANDROID_EMU_CHECKSUM_HELPER_v1 ANDROID_EMU_native_sync_v2 ANDROID_EMU_dma_v1 ANDROID_EMU_direct_mem ANDROID_EMU_host_composition_v1 ANDROID_EMU_host_composition_v2 ANDROID_EMU_vulkan ANDROID_EMU_deferred_vulkan_commands ANDROID_EMU_vulkan_null_optional_strings ANDROID_EMU_vulkan_create_resources_with_requirements ANDROID_EMU_YUV_Cache ANDROID_EMU_vulkan_ignored_handles ANDROID_EMU_has_shared_slots_host_memory_allocator ANDROI
10-04 15:24:35.474 14360 14377 D Unity   : D_EMU_vulkan_free_memory_sync ANDROID_EMU_vulkan_shader_float16_int8 ANDROID_EMU_vulkan_async_queue_submit ANDROID_EMU_vulkan_queue_submit_with_commands ANDROID_EMU_sync_buffer_data ANDROID_EMU_vulkan_async_qsri ANDROID_EMU_read_color_buffer_dma ANDROID_EMU_hwc_multi_configs ANDROID_EMU_hwc_color_transform GL_OES_EGL_image_external_essl3 GL_OES_vertex_array_object GL_KHR_texture_compression_astc_ldr ANDROID_EMU_host_side_tracing ANDROID_EMU_gles_max_version_3_0
10-04 15:24:35.477 14360 14377 D Unity   : OPENGL LOG: Creating OpenGL ES 3.0 graphics device ; Context level  <OpenGL ES 3.0> ; Context handle -186903408
10-04 15:24:35.483 14360 14377 D Unity   : [EGL] Attaching window :0x787d54db0750
10-04 15:24:35.485 14360 14377 D Unity   : Requested framebuffer: resolution[1080x1920], rgba[8/8/8/8], depth+stencil[on], samples[1]
10-04 15:24:35.486 14360 14377 D Unity   : Created framebuffer: resolution[1080x1920], rgba[8/8/8/8], depth+stencil[24/8], samples[0] 
10-04 15:24:35.514 14360 14377 D Unity   : SwappyWrapper: InitSwappyWrapper() succeeded.
10-04 15:24:35.527 14360 14377 D Unity   : [EGL] Attaching window :0x787d54db0750
10-04 15:24:35.528 14360 14377 D Unity   : Initialize engine version: 6000.3.25f1 (e1dba0a9aba4)
10-04 15:24:35.658 14360 14377 D Unity   : [Physics::Module] Selected backend.
10-04 15:24:35.658 14360 14377 D Unity   : [Physics::Module] Name: PhysX
10-04 15:24:35.658 14360 14377 D Unity   : [Physics::Module] Id: 0xf2b8ea05
10-04 15:24:35.658 14360 14377 D Unity   : [Physics::Module] SDK Version: 4.1.2
10-04 15:24:35.658 14360 14377 D Unity   : [Physics::Module] Integration Version: 1.0.0
10-04 15:24:35.658 14360 14377 D Unity   : [Physics::Module] Threading Mode: Multi-Threaded
10-04 15:24:35.921 14360 14377 D Unity   : ERROR: Shader 
10-04 15:24:35.921 14360 14377 D Unity   : Hidden/CoreSRP/CoreCopy shader is not supported on this GPU (none of subshaders/fallbacks are suitable)
10-04 15:24:36.021 14360 14377 D Unity   : ERROR: Shader 
10-04 15:24:36.021 14360 14377 D Unity   : Hidden/Universal/HDRDebugView shader is not supported on this GPU (none of subshaders/fallbacks are suitable)
10-04 15:24:36.104 14360 14377 D Unity   : PlayerInitEngineGraphics OK
10-04 15:24:36.127 14360 14377 I Unity   : SetGameState: isLoading: false, mode: UNKNOWN, label: -1, quality: 2
10-04 15:24:36.127 14360 14377 I Unity   :     HasWindow = 1, HasFocus = 0
10-04 15:24:36.128 14360 14377 I Unity   : Handle cmd APP_CMD_WINDOW_RESIZED(3)
10-04 15:24:36.128 14360 14377 D Unity   : NativeWindow resized 1080x1920
10-04 15:24:36.128 14360 14377 I Unity   : Handle cmd APP_CMD_WINDOW_REDRAW_NEEDED(4)
10-04 15:24:36.128 14360 14377 I Unity   : Handle cmd APP_CMD_GAINED_FOCUS(7)
10-04 15:24:36.128 14360 14377 I Unity   : Handle cmd APP_CMD_WINDOW_INSETS_CHANGED(17)
10-04 15:24:36.131 14360 14377 D Unity   : ANativeWindow: (1080/1920) RequestedResolution: (0/0) RenderingResolution: (0/0) EGLSurface: (1080/1920)
10-04 15:24:36.200 14360 14377 I Unity   : SetGameState: isLoading: true, mode: UNKNOWN, label: 0, quality: 2
10-04 15:24:38.263 14360 14377 D Unity   : UnloadTime: 14.391200 ms
10-04 15:24:38.823 14360 14377 I Unity   : SetGameState: isLoading: true, mode: UNKNOWN, label: -4, quality: 2
10-04 15:24:39.096 14360 14377 I Unity   : SetGameState: isLoading: false, mode: UNKNOWN, label: 0, quality: 2
10-04 15:24:39.105 14360 14377 D Unity   : Using NDK Choreographer.
10-04 15:24:39.128 14360 14377 D Unity   : Stopping Unity systrace
10-04 15:25:17.734 14458 14458 I Unity   : applyWindowUIChanges fullScreen = true, renderOutsideSafeArea = true
10-04 15:25:18.044 14458 14458 V Unity   : Context Type: GameActivity
10-04 15:25:18.049 14458 14458 D Unity   : CommandLine:  
10-04 15:25:18.065 14458 14477 I Unity   : UnityApplication::CreateInstance
10-04 15:25:18.065 14458 14477 I Unity   : GameActivity Package Version '4.4.0'
10-04 15:25:18.070 14458 14477 I Unity   : Starting Game Loop
10-04 15:25:18.111 14458 14477 I Unity   : Handle cmd APP_CMD_START(11)
10-04 15:25:18.113 14458 14458 I Unity   : onResume
10-04 15:25:18.115 14458 14477 I Unity   : Handle cmd APP_CMD_RESUME(12)
10-04 15:25:18.134 14458 14477 I Unity   : Handle cmd APP_CMD_WINDOW_INSETS_CHANGED(17)
10-04 15:25:18.139 14458 14477 I Unity   : Handle cmd APP_CMD_WINDOW_INSETS_CHANGED(17)
10-04 15:25:18.140 14458 14477 I Unity   : Handle cmd APP_CMD_CONTENT_RECT_CHANGED(5)
10-04 15:25:18.142 14458 14477 I Unity   : Handle cmd APP_CMD_INIT_WINDOW(1)
10-04 15:25:18.189 14458 14477 I Unity   : MemoryManager: Using 'Dynamic Heap' Allocator.
10-04 15:25:18.191 14458 14477 D Unity   : [UnityMemory] Configuration Parameters - Can be set up in boot.config
10-04 15:25:18.191 14458 14477 D Unity   :     "memorysetup-allocator-temp-initial-block-size-main=262144"
10-04 15:25:18.191 14458 14477 D Unity   :     "memorysetup-allocator-temp-initial-block-size-worker=262144"
10-04 15:25:18.192 14458 14477 D Unity   :     "memorysetup-temp-allocator-size-background-worker=32768"
10-04 15:25:18.192 14458 14477 D Unity   :     "memorysetup-temp-allocator-size-job-worker=262144"
10-04 15:25:18.192 14458 14477 D Unity   :     "memorysetup-temp-allocator-size-preload-manager=262144"
10-04 15:25:18.192 14458 14477 D Unity   :     "memorysetup-remapper-allocator-initial-capacity=32768"
10-04 15:25:18.192 14458 14477 D Unity   :     "memorysetup-temp-allocator-size-nav-mesh-worker=65536"
10-04 15:25:18.192 14458 14477 D Unity   :     "memorysetup-temp-allocator-size-audio-worker=65536"
10-04 15:25:18.192 14458 14477 D Unity   :     "memorysetup-temp-allocator-size-cloud-worker=32768"
10-04 15:25:18.192 14458 14477 D Unity   :     "memorysetup-bucket-allocator-granularity=16"
10-04 15:25:18.192 14458 14477 D Unity   :     "memorysetup-bucket-allocator-bucket-count=8"
10-04 15:25:18.192 14458 14477 D Unity   :     "memorysetup-bucket-allocator-block-size=4194304"
10-04 15:25:18.193 14458 14477 D Unity   :     "memorysetup-bucket-allocator-block-count=1"
10-04 15:25:18.193 14458 14477 D Unity   :     "memorysetup-main-allocator-block-size=16777216"
10-04 15:25:18.193 14458 14477 D Unity   :     "memorysetup-thread-allocator-block-size=16777216"
10-04 15:25:18.193 14458 14477 D Unity   :     "memorysetup-gfx-main-allocator-block-size=16777216"
10-04 15:25:18.193 14458 14477 D Unity   :     "memorysetup-gfx-thread-allocator-block-size=16777216"
10-04 15:25:18.193 14458 14477 D Unity   :     "memorysetup-cache-allocator-block-size=4194304"
10-04 15:25:18.193 14458 14477 D Unity   :     "memorysetup-typetree-allocator-block-size=2097152"
10-04 15:25:18.193 14458 14477 D Unity   :     "memorysetup-profiler-bucket-allocator-granularity=16"
10-04 15:25:18.193 14458 14477 D Unity   :     "memorysetup-profiler-bucket-allocator-bucket-count=8"
10-04 15:25:18.193 14458 14477 D Unity   :     "memorysetup-profiler-bucket-allocator-block-size=4194304"
10-04 15:25:18.193 14458 14477 D Unity   :     "memorysetup-profiler-bucket-allocator-block-count=1"
10-04 15:25:18.193 14458 14477 D Unity   :     "memorysetup-profiler-allocator-block-size=16777216"
10-04 15:25:18.193 14458 14477 D Unity   :     "memorysetup-profiler-editor-allocator-block-size=1048576"
10-04 15:25:18.193 14458 14477 D Unity   :     "memorysetup-temp-allocator-size-main=4194304"
10-04 15:25:18.194 14458 14477 D Unity   :     "memorysetup-job-temp-allocator-block-size=2097152"
10-04 15:25:18.194 14458 14477 D Unity   :     "memorysetup-job-temp-allocator-block-size-background=1048576"
10-04 15:25:18.194 14458 14477 D Unity   :     "memorysetup-job-temp-allocator-reduction-small-platforms=262144"
10-04 15:25:18.194 14458 14477 D Unity   :     "memorysetup-temp-allocator-size-gfx=262144"
10-04 15:25:18.215 14458 14458 I Unity   : windowFocusChanged: true
10-04 15:25:18.216 14458 14458 I Unity   : applyWindowUIChanges fullScreen = true, renderOutsideSafeArea = true
10-04 15:25:18.216 14458 14458 I Unity   : resumeUnity
10-04 15:25:18.334 14458 14477 D Unity   : Enabling Unity systrace
10-04 15:25:18.334 14458 14477 D Unity   : Starting Unity systrace
10-04 15:25:18.414 14458 14477 I Unity   : SetGameState: isLoading: true, mode: UNKNOWN, label: -2, quality: -1
10-04 15:25:18.425 14458 14477 D Unity   : [VFS] Mount /data/app/~~Vj8MJCStP9aPotb6vdLEIQ==/com.DefaultCompany.urp_2d-0zCYXEAhzfA-Ks8dwi79PA==/base.apk
10-04 15:25:18.455 14458 14477 I Unity   : SystemInfo CPU = x86-64 SSE3 SSE4.1 AVX, Cores = 2, Memory = 2976mb
10-04 15:25:18.455 14458 14477 I Unity   : SystemInfo ARM big.LITTLE configuration: 2 big (mask: 0x3), 0 little (mask: 0x0)
10-04 15:25:18.456 14458 14477 I Unity   : ApplicationInfo 'com.DefaultCompany.urp_2d', Version '1.0', Min API Level '25', Target API Level '36'
10-04 15:25:18.456 14458 14477 I Unity   : Built from '6000.3/staging' branch, Version '6000.3.25f1 (e1dba0a9aba4)', Build type 'Development', Scripting Backend 'il2cpp', CPU 'arm64-v8a', Stripping 'Enabled'
10-04 15:25:18.456 14458 14477 I Unity   : Device Model 'Google sdk_gphone64_x86_64', OS 'Android OS 15 (API 35)'
10-04 15:25:18.466 14458 14477 D Unity   : Determine if il2cpp resources need to extracted:
10-04 15:25:18.468 14458 14458 I Unity   : applyWindowUIChanges fullScreen = true, renderOutsideSafeArea = true
10-04 15:25:18.472 14458 14477 D Unity   :     il2cpp resources are up to date, not extracting
10-04 15:25:18.767 14458 14477 D Unity   : [EGL] Attaching window :0x787d54db0750
10-04 15:25:18.767 14458 14477 D Unity   : InitializeScriptEngine OK (0x787fba916fc0)
10-04 15:25:18.775 14458 14477 D Unity   : Found 2 interfaces on host :
10-04 15:25:18.775 14458 14477 D Unity   :  0) 10.0.2.15
10-04 15:25:18.775 14458 14477 D Unity   :  1) 10.0.2.16
10-04 15:25:18.775 14458 14477 D Unity   : 
10-04 15:25:18.778 14458 14477 D Unity   : Player connection [132476418623680]  Target information:
10-04 15:25:18.778 14458 14477 D Unity   : 
10-04 15:25:18.778 14458 14477 D Unity   : Player connection [132476418623680]  * "[IP] 10.0.2.15 [Port] 55000 [Flags] 2 [Guid] 1549040283 [EditorId] 1623866242 [Version] 1048832 [Id] AndroidPlayer(11,Google_sdk_gphone64_x86_64@10.0.2.16) [Debug] 0 [PackageName] AndroidPlayer [ProjectName] Startup Life" 
10-04 15:25:18.778 14458 14477 D Unity   : 
10-04 15:25:18.779 14458 14477 D Unity   : Player connection [132476418623680]  * "[IP] 10.0.2.16 [Port] 55000 [Flags] 2 [Guid] 1549040283 [EditorId] 1623866242 [Version] 1048832 [Id] AndroidPlayer(11,Google_sdk_gphone64_x86_64@10.0.2.16) [Debug] 0 [PackageName] AndroidPlayer [ProjectName] Startup Life" 
10-04 15:25:18.779 14458 14477 D Unity   : 
10-04 15:25:18.779 14458 14477 D Unity   : Player connection [132476418623680] Started UDP target info broadcast (1) on [225.0.0.222:54997].
10-04 15:25:18.779 14458 14477 D Unity   : 
10-04 15:25:18.819 14458 14477 D Unity   : Input System module state changed to: Initialized.
10-04 15:25:18.843 14458 14477 D Unity   : [Physics::Module] Initialized fallback backend.
10-04 15:25:18.843 14458 14477 D Unity   : [Physics::Module] Id: 0xdecafbad
10-04 15:25:18.882 14458 14477 D Unity   : PlayerInitEngineNoGraphics OK
10-04 15:25:18.883 14458 14477 I Unity   : Company Name: Startup Life
10-04 15:25:18.883 14458 14477 I Unity   : Product Name: Startup Life
10-04 15:25:18.883 14458 14477 D Unity   : AndroidGraphics::Startup window =  0x787d54db0750
10-04 15:25:18.883 14458 14477 D Unity   : [EGL] Attaching window :0x787d54db0750
10-04 15:25:18.884 14458 14458 I Unity   : applyWindowUIChanges fullScreen = true, renderOutsideSafeArea = true
10-04 15:25:18.888 14458 14477 D Unity   : [Subsystems] Discovering subsystems at path /data/app/~~Vj8MJCStP9aPotb6vdLEIQ==/com.DefaultCompany.urp_2d-0zCYXEAhzfA-Ks8dwi79PA==/base.apk/assets/bin/Data/UnitySubsystems
10-04 15:25:18.910 14458 14477 D Unity   : [Vulkan init] extensions: count=13
10-04 15:25:18.910 14458 14477 D Unity   : [Vulkan init] extensions: name=VK_EXT_debug_report [enabled=0, external=0]
10-04 15:25:18.910 14458 14477 D Unity   : [Vulkan init] extensions: name=VK_EXT_debug_utils [enabled=1, external=0]
10-04 15:25:18.910 14458 14477 D Unity   : [Vulkan init] extensions: name=VK_EXT_surface_maintenance1 [enabled=0, external=0]
10-04 15:25:18.910 14458 14477 D Unity   : [Vulkan init] extensions: name=VK_EXT_swapchain_colorspace [enabled=1, external=0]
10-04 15:25:18.910 14458 14477 D Unity   : [Vulkan init] extensions: name=VK_GOOGLE_surfaceless_query [enabled=0, external=0]
10-04 15:25:18.910 14458 14477 D Unity   : [Vulkan init] extensions: name=VK_KHR_android_surface [enabled=1, external=0]
10-04 15:25:18.910 14458 14477 D Unity   : [Vulkan init] extensions: name=VK_KHR_external_fence_capabilities [enabled=1, external=0]
10-04 15:25:18.910 14458 14477 D Unity   : [Vulkan init] extensions: name=VK_KHR_external_memory_capabilities [enabled=1, external=0]
10-04 15:25:18.911 14458 14477 D Unity   : [Vulkan init] extensions: name=VK_KHR_external_semaphore_capabilities [enabled=1, external=0]
10-04 15:25:18.911 14458 14477 D Unity   : [Vulkan init] extensions: name=VK_KHR_get_physical_device_properties2 [enabled=1, external=0]
10-04 15:25:18.911 14458 14477 D Unity   : [Vulkan init] extensions: name=VK_KHR_get_surface_capabilities2 [enabled=0, external=0]
10-04 15:25:18.911 14458 14477 D Unity   : [Vulkan init] extensions: name=VK_KHR_surface [enabled=1, external=0]
10-04 15:25:18.911 14458 14477 D Unity   : [Vulkan init] extensions: name=VK_KHR_surface_protected_capabilities [enabled=0, external=0]
10-04 15:25:18.919 14458 14477 D Unity   : [Vulkan init] SelectPhysicalDevice requestedDeviceIndex=-1 xrDevice=0x0
10-04 15:25:18.919 14458 14477 D Unity   : [Vulkan init] Physical Device 0x787e84de2220 [0]: "llvmpipe (LLVM 21.1.2, 256 bits)" deviceType=4 vendorID=10005 deviceID=0
10-04 15:25:18.919 14458 14477 D Unity   : Vulkan detection: 0
10-04 15:25:18.943 14458 14477 D Unity   : [EGL] Request: ES 3.2 RGB 000 0/0
10-04 15:25:18.943 14458 14477 D Unity   : [EGL] Checking ES 3.2 support...
10-04 15:25:18.943 14458 14477 D Unity   : [EGL] ES3.2 not supported
10-04 15:25:18.943 14458 14477 D Unity   : [EGL] Request: ES 3.1+AEP RGB 000 0/0
10-04 15:25:18.944 14458 14477 D Unity   : [EGL] Checking ES 3.1 support...
10-04 15:25:18.944 14458 14477 D Unity   : [EGL] ES3.1 not supported
10-04 15:25:18.944 14458 14477 D Unity   : [EGL] Request: ES 3.1 RGB 000 0/0
10-04 15:25:18.945 14458 14477 D Unity   : [EGL] Request: ES 3.0 RGB 000 0/0
10-04 15:25:18.945 14458 14477 D Unity   : [EGL] Found: ID[7] ES 3.0 RGB 565 24/8
10-04 15:25:18.947 14458 14477 D Unity   : GfxDevice: creating device client; kGfxThreadingModeThreaded
10-04 15:25:18.950 14458 14477 D Unity   : [EGL] Request: ES 3.2 RGB 000 0/0
10-04 15:25:18.952 14458 14477 D Unity   : [EGL] Request: ES 3.1+AEP RGB 000 0/0
10-04 15:25:18.952 14458 14477 D Unity   : [EGL] Request: ES 3.1 RGB 000 0/0
10-04 15:25:18.952 14458 14477 D Unity   : [EGL] Request: ES 3.0 RGB 000 0/0
10-04 15:25:18.952 14458 14477 D Unity   : [EGL] Found: ID[7] ES 3.0 RGB 565 24/8
10-04 15:25:18.954 14458 14477 D Unity   : [EGL] Request: ES 3.0 RGBA 8888 0/0
10-04 15:25:18.955 14458 14477 D Unity   : [EGL] Found: ID[2] ES 3.0 RGBA 8888 24/8
10-04 15:25:18.957 14458 14477 D Unity   : ANativeWindow: (1080/1920) RequestedResolution: (0/0) RenderingResolution: (0/0) EGLSurface: (1080/1920)
10-04 15:25:18.981 14458 14477 D Unity   : Renderer: Android Emulator OpenGL ES Translator (Google SwiftShader)
10-04 15:25:18.981 14458 14477 D Unity   : Vendor:   Google (Google Inc.)
10-04 15:25:18.981 14458 14477 D Unity   : Version:  OpenGL ES 3.0 (OpenGL ES 3.0 SwiftShader 4.0.0.1)
10-04 15:25:18.981 14458 14477 D Unity   : GLES:     3
10-04 15:25:18.981 14458 14477 D Unity   :  GL_EXT_debug_marker GL_EXT_robustness GL_OES_EGL_sync GL_OES_EGL_image GL_OES_EGL_image_external GL_OES_depth24 GL_OES_depth32 GL_OES_element_index_uint GL_OES_texture_float GL_OES_texture_float_linear GL_OES_compressed_paletted_texture GL_OES_compressed_ETC1_RGB8_texture GL_OES_depth_texture GL_OES_texture_half_float GL_OES_texture_half_float_linear GL_OES_packed_depth_stencil GL_OES_vertex_half_float GL_OES_standard_derivatives GL_OES_texture_npot GL_OES_rgb8_rgba8 GL_EXT_color_buffer_float GL_EXT_color_buffer_half_float GL_EXT_texture_format_BGRA8888 GL_APPLE_texture_format_BGRA8888 ANDROID_EMU_CHECKSUM_HELPER_v1 ANDROID_EMU_native_sync_v2 ANDROID_EMU_dma_v1 ANDROID_EMU_direct_mem ANDROID_EMU_host_composition_v1 ANDROID_EMU_host_composition_v2 ANDROID_EMU_vulkan ANDROID_EMU_deferred_vulkan_commands ANDROID_EMU_vulkan_null_optional_strings ANDROID_EMU_vulkan_create_resources_with_requirements ANDROID_EMU_YUV_Cache ANDROID_EMU_vulkan_ignored_handles ANDROID_EMU_has_shared_slots_host_memory_allocator ANDROI
10-04 15:25:18.982 14458 14477 D Unity   : D_EMU_vulkan_free_memory_sync ANDROID_EMU_vulkan_shader_float16_int8 ANDROID_EMU_vulkan_async_queue_submit ANDROID_EMU_vulkan_queue_submit_with_commands ANDROID_EMU_sync_buffer_data ANDROID_EMU_vulkan_async_qsri ANDROID_EMU_read_color_buffer_dma ANDROID_EMU_hwc_multi_configs ANDROID_EMU_hwc_color_transform GL_OES_EGL_image_external_essl3 GL_OES_vertex_array_object GL_KHR_texture_compression_astc_ldr ANDROID_EMU_host_side_tracing ANDROID_EMU_gles_max_version_3_0
10-04 15:25:18.985 14458 14477 D Unity   : OPENGL LOG: Creating OpenGL ES 3.0 graphics device ; Context level  <OpenGL ES 3.0> ; Context handle -186903840
10-04 15:25:18.991 14458 14477 D Unity   : [EGL] Attaching window :0x787d54db0750
10-04 15:25:18.993 14458 14477 D Unity   : Requested framebuffer: resolution[1080x1920], rgba[8/8/8/8], depth+stencil[on], samples[1]
10-04 15:25:18.994 14458 14477 D Unity   : Created framebuffer: resolution[1080x1920], rgba[8/8/8/8], depth+stencil[24/8], samples[0] 
10-04 15:25:19.020 14458 14477 D Unity   : SwappyWrapper: InitSwappyWrapper() succeeded.
10-04 15:25:19.035 14458 14477 D Unity   : [EGL] Attaching window :0x787d54db0750
10-04 15:25:19.036 14458 14477 D Unity   : Initialize engine version: 6000.3.25f1 (e1dba0a9aba4)
10-04 15:25:19.171 14458 14477 D Unity   : [Physics::Module] Selected backend.
10-04 15:25:19.171 14458 14477 D Unity   : [Physics::Module] Name: PhysX
10-04 15:25:19.171 14458 14477 D Unity   : [Physics::Module] Id: 0xf2b8ea05
10-04 15:25:19.171 14458 14477 D Unity   : [Physics::Module] SDK Version: 4.1.2
10-04 15:25:19.171 14458 14477 D Unity   : [Physics::Module] Integration Version: 1.0.0
10-04 15:25:19.171 14458 14477 D Unity   : [Physics::Module] Threading Mode: Multi-Threaded
10-04 15:25:19.447 14458 14477 D Unity   : ERROR: Shader 
10-04 15:25:19.447 14458 14477 D Unity   : Hidden/CoreSRP/CoreCopy shader is not supported on this GPU (none of subshaders/fallbacks are suitable)
10-04 15:25:19.556 14458 14477 D Unity   : ERROR: Shader 
10-04 15:25:19.556 14458 14477 D Unity   : Hidden/Universal/HDRDebugView shader is not supported on this GPU (none of subshaders/fallbacks are suitable)
10-04 15:25:19.640 14458 14477 D Unity   : PlayerInitEngineGraphics OK
10-04 15:25:19.664 14458 14477 I Unity   : SetGameState: isLoading: false, mode: UNKNOWN, label: -1, quality: 2
10-04 15:25:19.665 14458 14477 I Unity   :     HasWindow = 1, HasFocus = 0
10-04 15:25:19.665 14458 14477 I Unity   : Handle cmd APP_CMD_WINDOW_RESIZED(3)
10-04 15:25:19.665 14458 14477 D Unity   : NativeWindow resized 1080x1920
10-04 15:25:19.665 14458 14477 I Unity   : Handle cmd APP_CMD_WINDOW_REDRAW_NEEDED(4)
10-04 15:25:19.665 14458 14477 I Unity   : Handle cmd APP_CMD_GAINED_FOCUS(7)
10-04 15:25:19.666 14458 14477 I Unity   : Handle cmd APP_CMD_WINDOW_INSETS_CHANGED(17)
10-04 15:25:19.668 14458 14477 D Unity   : ANativeWindow: (1080/1920) RequestedResolution: (0/0) RenderingResolution: (0/0) EGLSurface: (1080/1920)
10-04 15:25:19.736 14458 14477 I Unity   : SetGameState: isLoading: true, mode: UNKNOWN, label: 0, quality: 2
10-04 15:25:21.812 14458 14477 D Unity   : UnloadTime: 13.652800 ms
10-04 15:25:22.403 14458 14477 I Unity   : SetGameState: isLoading: true, mode: UNKNOWN, label: -4, quality: 2
10-04 15:25:22.497 14458 14477 I Unity   : SetGameState: isLoading: false, mode: UNKNOWN, label: 0, quality: 2
10-04 15:25:22.504 14458 14477 D Unity   : Using NDK Choreographer.
10-04 15:25:22.528 14458 14477 D Unity   : Stopping Unity systrace
10-04 15:25:39.391 14552 14552 I Unity   : applyWindowUIChanges fullScreen = true, renderOutsideSafeArea = true
10-04 15:25:39.663 14552 14552 V Unity   : Context Type: GameActivity
10-04 15:25:39.667 14552 14552 D Unity   : CommandLine:  
10-04 15:25:39.685 14552 14571 I Unity   : UnityApplication::CreateInstance
10-04 15:25:39.685 14552 14571 I Unity   : GameActivity Package Version '4.4.0'
10-04 15:25:39.690 14552 14571 I Unity   : Starting Game Loop
10-04 15:25:39.733 14552 14571 I Unity   : Handle cmd APP_CMD_START(11)
10-04 15:25:39.735 14552 14552 I Unity   : onResume
10-04 15:25:39.738 14552 14571 I Unity   : Handle cmd APP_CMD_RESUME(12)
10-04 15:25:39.752 14552 14571 I Unity   : Handle cmd APP_CMD_WINDOW_INSETS_CHANGED(17)
10-04 15:25:39.758 14552 14571 I Unity   : Handle cmd APP_CMD_WINDOW_INSETS_CHANGED(17)
10-04 15:25:39.759 14552 14571 I Unity   : Handle cmd APP_CMD_CONTENT_RECT_CHANGED(5)
10-04 15:25:39.761 14552 14571 I Unity   : Handle cmd APP_CMD_INIT_WINDOW(1)
10-04 15:25:39.814 14552 14552 I Unity   : windowFocusChanged: true
10-04 15:25:39.815 14552 14552 I Unity   : applyWindowUIChanges fullScreen = true, renderOutsideSafeArea = true
10-04 15:25:39.815 14552 14552 I Unity   : resumeUnity
10-04 15:25:39.822 14552 14571 I Unity   : MemoryManager: Using 'Dynamic Heap' Allocator.
10-04 15:25:39.825 14552 14571 D Unity   : [UnityMemory] Configuration Parameters - Can be set up in boot.config
10-04 15:25:39.826 14552 14571 D Unity   :     "memorysetup-allocator-temp-initial-block-size-main=262144"
10-04 15:25:39.826 14552 14571 D Unity   :     "memorysetup-allocator-temp-initial-block-size-worker=262144"
10-04 15:25:39.826 14552 14571 D Unity   :     "memorysetup-temp-allocator-size-background-worker=32768"
10-04 15:25:39.826 14552 14571 D Unity   :     "memorysetup-temp-allocator-size-job-worker=262144"
10-04 15:25:39.826 14552 14571 D Unity   :     "memorysetup-temp-allocator-size-preload-manager=262144"
10-04 15:25:39.826 14552 14571 D Unity   :     "memorysetup-remapper-allocator-initial-capacity=32768"
10-04 15:25:39.826 14552 14571 D Unity   :     "memorysetup-temp-allocator-size-nav-mesh-worker=65536"
10-04 15:25:39.826 14552 14571 D Unity   :     "memorysetup-temp-allocator-size-audio-worker=65536"
10-04 15:25:39.826 14552 14571 D Unity   :     "memorysetup-temp-allocator-size-cloud-worker=32768"
10-04 15:25:39.826 14552 14571 D Unity   :     "memorysetup-bucket-allocator-granularity=16"
10-04 15:25:39.826 14552 14571 D Unity   :     "memorysetup-bucket-allocator-bucket-count=8"
10-04 15:25:39.826 14552 14571 D Unity   :     "memorysetup-bucket-allocator-block-size=4194304"
10-04 15:25:39.826 14552 14571 D Unity   :     "memorysetup-bucket-allocator-block-count=1"
10-04 15:25:39.826 14552 14571 D Unity   :     "memorysetup-main-allocator-block-size=16777216"
10-04 15:25:39.826 14552 14571 D Unity   :     "memorysetup-thread-allocator-block-size=16777216"
10-04 15:25:39.826 14552 14571 D Unity   :     "memorysetup-gfx-main-allocator-block-size=16777216"
10-04 15:25:39.826 14552 14571 D Unity   :     "memorysetup-gfx-thread-allocator-block-size=16777216"
10-04 15:25:39.827 14552 14571 D Unity   :     "memorysetup-cache-allocator-block-size=4194304"
10-04 15:25:39.827 14552 14571 D Unity   :     "memorysetup-typetree-allocator-block-size=2097152"
10-04 15:25:39.827 14552 14571 D Unity   :     "memorysetup-profiler-bucket-allocator-granularity=16"
10-04 15:25:39.827 14552 14571 D Unity   :     "memorysetup-profiler-bucket-allocator-bucket-count=8"
10-04 15:25:39.828 14552 14571 D Unity   :     "memorysetup-profiler-bucket-allocator-block-size=4194304"
10-04 15:25:39.828 14552 14571 D Unity   :     "memorysetup-profiler-bucket-allocator-block-count=1"
10-04 15:25:39.828 14552 14571 D Unity   :     "memorysetup-profiler-allocator-block-size=16777216"
10-04 15:25:39.828 14552 14571 D Unity   :     "memorysetup-profiler-editor-allocator-block-size=1048576"
10-04 15:25:39.828 14552 14571 D Unity   :     "memorysetup-temp-allocator-size-main=4194304"
10-04 15:25:39.829 14552 14571 D Unity   :     "memorysetup-job-temp-allocator-block-size=2097152"
10-04 15:25:39.829 14552 14571 D Unity   :     "memorysetup-job-temp-allocator-block-size-background=1048576"
10-04 15:25:39.829 14552 14571 D Unity   :     "memorysetup-job-temp-allocator-reduction-small-platforms=262144"
10-04 15:25:39.829 14552 14571 D Unity   :     "memorysetup-temp-allocator-size-gfx=262144"
10-04 15:25:40.019 14552 14571 D Unity   : Enabling Unity systrace
10-04 15:25:40.021 14552 14571 D Unity   : Starting Unity systrace
10-04 15:25:40.135 14552 14571 I Unity   : SetGameState: isLoading: true, mode: UNKNOWN, label: -2, quality: -1
10-04 15:25:40.149 14552 14571 D Unity   : [VFS] Mount /data/app/~~Vj8MJCStP9aPotb6vdLEIQ==/com.DefaultCompany.urp_2d-0zCYXEAhzfA-Ks8dwi79PA==/base.apk
10-04 15:25:40.179 14552 14571 I Unity   : SystemInfo CPU = x86-64 SSE3 SSE4.1 AVX, Cores = 2, Memory = 2976mb
10-04 15:25:40.180 14552 14571 I Unity   : SystemInfo ARM big.LITTLE configuration: 2 big (mask: 0x3), 0 little (mask: 0x0)
10-04 15:25:40.181 14552 14571 I Unity   : ApplicationInfo 'com.DefaultCompany.urp_2d', Version '1.0', Min API Level '25', Target API Level '36'
10-04 15:25:40.182 14552 14571 I Unity   : Built from '6000.3/staging' branch, Version '6000.3.25f1 (e1dba0a9aba4)', Build type 'Development', Scripting Backend 'il2cpp', CPU 'arm64-v8a', Stripping 'Enabled'
10-04 15:25:40.182 14552 14571 I Unity   : Device Model 'Google sdk_gphone64_x86_64', OS 'Android OS 15 (API 35)'
10-04 15:25:40.183 14552 14552 I Unity   : applyWindowUIChanges fullScreen = true, renderOutsideSafeArea = true
10-04 15:25:40.194 14552 14571 D Unity   : Determine if il2cpp resources need to extracted:
10-04 15:25:40.203 14552 14571 D Unity   :     il2cpp resources are up to date, not extracting
10-04 15:25:40.493 14552 14571 D Unity   : [EGL] Attaching window :0x787d54db0750
10-04 15:25:40.494 14552 14571 D Unity   : InitializeScriptEngine OK (0x787fc2607fc0)
10-04 15:25:40.500 14552 14571 D Unity   : Found 2 interfaces on host :
10-04 15:25:40.501 14552 14571 D Unity   :  0) 10.0.2.15
10-04 15:25:40.501 14552 14571 D Unity   :  1) 10.0.2.16
10-04 15:25:40.501 14552 14571 D Unity   : 
10-04 15:25:40.504 14552 14571 D Unity   : Player connection [132476429023424]  Target information:
10-04 15:25:40.504 14552 14571 D Unity   : 
10-04 15:25:40.505 14552 14571 D Unity   : Player connection [132476429023424]  * "[IP] 10.0.2.15 [Port] 55000 [Flags] 2 [Guid] 1307041453 [EditorId] 1623866242 [Version] 1048832 [Id] AndroidPlayer(11,Google_sdk_gphone64_x86_64@10.0.2.16) [Debug] 0 [PackageName] AndroidPlayer [ProjectName] Startup Life" 
10-04 15:25:40.505 14552 14571 D Unity   : 
10-04 15:25:40.505 14552 14571 D Unity   : Player connection [132476429023424]  * "[IP] 10.0.2.16 [Port] 55000 [Flags] 2 [Guid] 1307041453 [EditorId] 1623866242 [Version] 1048832 [Id] AndroidPlayer(11,Google_sdk_gphone64_x86_64@10.0.2.16) [Debug] 0 [PackageName] AndroidPlayer [ProjectName] Startup Life" 
10-04 15:25:40.505 14552 14571 D Unity   : 
10-04 15:25:40.505 14552 14571 D Unity   : Player connection [132476429023424] Started UDP target info broadcast (1) on [225.0.0.222:54997].
10-04 15:25:40.505 14552 14571 D Unity   : 
10-04 15:25:40.546 14552 14571 D Unity   : Input System module state changed to: Initialized.
10-04 15:25:40.567 14552 14571 D Unity   : [Physics::Module] Initialized fallback backend.
10-04 15:25:40.567 14552 14571 D Unity   : [Physics::Module] Id: 0xdecafbad
10-04 15:25:40.605 14552 14571 D Unity   : PlayerInitEngineNoGraphics OK
10-04 15:25:40.605 14552 14571 I Unity   : Company Name: Startup Life
10-04 15:25:40.605 14552 14571 I Unity   : Product Name: Startup Life
10-04 15:25:40.605 14552 14571 D Unity   : AndroidGraphics::Startup window =  0x787d54db0750
10-04 15:25:40.606 14552 14571 D Unity   : [EGL] Attaching window :0x787d54db0750
10-04 15:25:40.607 14552 14552 I Unity   : applyWindowUIChanges fullScreen = true, renderOutsideSafeArea = true
10-04 15:25:40.611 14552 14571 D Unity   : [Subsystems] Discovering subsystems at path /data/app/~~Vj8MJCStP9aPotb6vdLEIQ==/com.DefaultCompany.urp_2d-0zCYXEAhzfA-Ks8dwi79PA==/base.apk/assets/bin/Data/UnitySubsystems
10-04 15:25:40.630 14552 14571 D Unity   : [Vulkan init] extensions: count=13
10-04 15:25:40.631 14552 14571 D Unity   : [Vulkan init] extensions: name=VK_EXT_debug_report [enabled=0, external=0]
10-04 15:25:40.631 14552 14571 D Unity   : [Vulkan init] extensions: name=VK_EXT_debug_utils [enabled=1, external=0]
10-04 15:25:40.631 14552 14571 D Unity   : [Vulkan init] extensions: name=VK_EXT_surface_maintenance1 [enabled=0, external=0]
10-04 15:25:40.631 14552 14571 D Unity   : [Vulkan init] extensions: name=VK_EXT_swapchain_colorspace [enabled=1, external=0]
10-04 15:25:40.631 14552 14571 D Unity   : [Vulkan init] extensions: name=VK_GOOGLE_surfaceless_query [enabled=0, external=0]
10-04 15:25:40.631 14552 14571 D Unity   : [Vulkan init] extensions: name=VK_KHR_android_surface [enabled=1, external=0]
10-04 15:25:40.631 14552 14571 D Unity   : [Vulkan init] extensions: name=VK_KHR_external_fence_capabilities [enabled=1, external=0]
10-04 15:25:40.632 14552 14571 D Unity   : [Vulkan init] extensions: name=VK_KHR_external_memory_capabilities [enabled=1, external=0]
10-04 15:25:40.632 14552 14571 D Unity   : [Vulkan init] extensions: name=VK_KHR_external_semaphore_capabilities [enabled=1, external=0]
10-04 15:25:40.632 14552 14571 D Unity   : [Vulkan init] extensions: name=VK_KHR_get_physical_device_properties2 [enabled=1, external=0]
10-04 15:25:40.632 14552 14571 D Unity   : [Vulkan init] extensions: name=VK_KHR_get_surface_capabilities2 [enabled=0, external=0]
10-04 15:25:40.632 14552 14571 D Unity   : [Vulkan init] extensions: name=VK_KHR_surface [enabled=1, external=0]
10-04 15:25:40.632 14552 14571 D Unity   : [Vulkan init] extensions: name=VK_KHR_surface_protected_capabilities [enabled=0, external=0]
10-04 15:25:40.641 14552 14571 D Unity   : [Vulkan init] SelectPhysicalDevice requestedDeviceIndex=-1 xrDevice=0x0
10-04 15:25:40.641 14552 14571 D Unity   : [Vulkan init] Physical Device 0x787e84de2220 [0]: "llvmpipe (LLVM 21.1.2, 256 bits)" deviceType=4 vendorID=10005 deviceID=0
10-04 15:25:40.642 14552 14571 D Unity   : Vulkan detection: 0
10-04 15:25:40.666 14552 14571 D Unity   : [EGL] Request: ES 3.2 RGB 000 0/0
10-04 15:25:40.667 14552 14571 D Unity   : [EGL] Checking ES 3.2 support...
10-04 15:25:40.667 14552 14571 D Unity   : [EGL] ES3.2 not supported
10-04 15:25:40.667 14552 14571 D Unity   : [EGL] Request: ES 3.1+AEP RGB 000 0/0
10-04 15:25:40.668 14552 14571 D Unity   : [EGL] Checking ES 3.1 support...
10-04 15:25:40.668 14552 14571 D Unity   : [EGL] ES3.1 not supported
10-04 15:25:40.668 14552 14571 D Unity   : [EGL] Request: ES 3.1 RGB 000 0/0
10-04 15:25:40.669 14552 14571 D Unity   : [EGL] Request: ES 3.0 RGB 000 0/0
10-04 15:25:40.669 14552 14571 D Unity   : [EGL] Found: ID[7] ES 3.0 RGB 565 24/8
10-04 15:25:40.671 14552 14571 D Unity   : GfxDevice: creating device client; kGfxThreadingModeThreaded
10-04 15:25:40.674 14552 14571 D Unity   : [EGL] Request: ES 3.2 RGB 000 0/0
10-04 15:25:40.675 14552 14571 D Unity   : [EGL] Request: ES 3.1+AEP RGB 000 0/0
10-04 15:25:40.675 14552 14571 D Unity   : [EGL] Request: ES 3.1 RGB 000 0/0
10-04 15:25:40.676 14552 14571 D Unity   : [EGL] Request: ES 3.0 RGB 000 0/0
10-04 15:25:40.676 14552 14571 D Unity   : [EGL] Found: ID[7] ES 3.0 RGB 565 24/8
10-04 15:25:40.678 14552 14571 D Unity   : [EGL] Request: ES 3.0 RGBA 8888 0/0
10-04 15:25:40.679 14552 14571 D Unity   : [EGL] Found: ID[2] ES 3.0 RGBA 8888 24/8
10-04 15:25:40.682 14552 14571 D Unity   : ANativeWindow: (1080/1920) RequestedResolution: (0/0) RenderingResolution: (0/0) EGLSurface: (1080/1920)
10-04 15:25:40.702 14552 14571 D Unity   : Renderer: Android Emulator OpenGL ES Translator (Google SwiftShader)
10-04 15:25:40.702 14552 14571 D Unity   : Vendor:   Google (Google Inc.)
10-04 15:25:40.702 14552 14571 D Unity   : Version:  OpenGL ES 3.0 (OpenGL ES 3.0 SwiftShader 4.0.0.1)
10-04 15:25:40.703 14552 14571 D Unity   : GLES:     3
10-04 15:25:40.703 14552 14571 D Unity   :  GL_EXT_debug_marker GL_EXT_robustness GL_OES_EGL_sync GL_OES_EGL_image GL_OES_EGL_image_external GL_OES_depth24 GL_OES_depth32 GL_OES_element_index_uint GL_OES_texture_float GL_OES_texture_float_linear GL_OES_compressed_paletted_texture GL_OES_compressed_ETC1_RGB8_texture GL_OES_depth_texture GL_OES_texture_half_float GL_OES_texture_half_float_linear GL_OES_packed_depth_stencil GL_OES_vertex_half_float GL_OES_standard_derivatives GL_OES_texture_npot GL_OES_rgb8_rgba8 GL_EXT_color_buffer_float GL_EXT_color_buffer_half_float GL_EXT_texture_format_BGRA8888 GL_APPLE_texture_format_BGRA8888 ANDROID_EMU_CHECKSUM_HELPER_v1 ANDROID_EMU_native_sync_v2 ANDROID_EMU_dma_v1 ANDROID_EMU_direct_mem ANDROID_EMU_host_composition_v1 ANDROID_EMU_host_composition_v2 ANDROID_EMU_vulkan ANDROID_EMU_deferred_vulkan_commands ANDROID_EMU_vulkan_null_optional_strings ANDROID_EMU_vulkan_create_resources_with_requirements ANDROID_EMU_YUV_Cache ANDROID_EMU_vulkan_ignored_handles ANDROID_EMU_has_shared_slots_host_memory_allocator ANDROI
10-04 15:25:40.703 14552 14571 D Unity   : D_EMU_vulkan_free_memory_sync ANDROID_EMU_vulkan_shader_float16_int8 ANDROID_EMU_vulkan_async_queue_submit ANDROID_EMU_vulkan_queue_submit_with_commands ANDROID_EMU_sync_buffer_data ANDROID_EMU_vulkan_async_qsri ANDROID_EMU_read_color_buffer_dma ANDROID_EMU_hwc_multi_configs ANDROID_EMU_hwc_color_transform GL_OES_EGL_image_external_essl3 GL_OES_vertex_array_object GL_KHR_texture_compression_astc_ldr ANDROID_EMU_host_side_tracing ANDROID_EMU_gles_max_version_3_0
10-04 15:25:40.711 14552 14571 D Unity   : OPENGL LOG: Creating OpenGL ES 3.0 graphics device ; Context level  <OpenGL ES 3.0> ; Context handle -186905136
10-04 15:25:40.721 14552 14571 D Unity   : [EGL] Attaching window :0x787d54db0750
10-04 15:25:40.723 14552 14571 D Unity   : Requested framebuffer: resolution[1080x1920], rgba[8/8/8/8], depth+stencil[on], samples[1]
10-04 15:25:40.724 14552 14571 D Unity   : Created framebuffer: resolution[1080x1920], rgba[8/8/8/8], depth+stencil[24/8], samples[0] 
10-04 15:25:40.750 14552 14571 D Unity   : SwappyWrapper: InitSwappyWrapper() succeeded.
10-04 15:25:40.767 14552 14571 D Unity   : [EGL] Attaching window :0x787d54db0750
10-04 15:25:40.767 14552 14571 D Unity   : Initialize engine version: 6000.3.25f1 (e1dba0a9aba4)
10-04 15:25:40.901 14552 14571 D Unity   : [Physics::Module] Selected backend.
10-04 15:25:40.901 14552 14571 D Unity   : [Physics::Module] Name: PhysX
10-04 15:25:40.902 14552 14571 D Unity   : [Physics::Module] Id: 0xf2b8ea05
10-04 15:25:40.902 14552 14571 D Unity   : [Physics::Module] SDK Version: 4.1.2
10-04 15:25:40.902 14552 14571 D Unity   : [Physics::Module] Integration Version: 1.0.0
10-04 15:25:40.902 14552 14571 D Unity   : [Physics::Module] Threading Mode: Multi-Threaded
10-04 15:25:41.163 14552 14571 D Unity   : ERROR: Shader 
10-04 15:25:41.163 14552 14571 D Unity   : Hidden/CoreSRP/CoreCopy shader is not supported on this GPU (none of subshaders/fallbacks are suitable)
10-04 15:25:41.269 14552 14571 D Unity   : ERROR: Shader 
10-04 15:25:41.269 14552 14571 D Unity   : Hidden/Universal/HDRDebugView shader is not supported on this GPU (none of subshaders/fallbacks are suitable)
10-04 15:25:41.352 14552 14571 D Unity   : PlayerInitEngineGraphics OK
10-04 15:25:41.377 14552 14571 I Unity   : SetGameState: isLoading: false, mode: UNKNOWN, label: -1, quality: 2
10-04 15:25:41.377 14552 14571 I Unity   :     HasWindow = 1, HasFocus = 0
10-04 15:25:41.378 14552 14571 I Unity   : Handle cmd APP_CMD_WINDOW_RESIZED(3)
10-04 15:25:41.378 14552 14571 D Unity   : NativeWindow resized 1080x1920
10-04 15:25:41.378 14552 14571 I Unity   : Handle cmd APP_CMD_WINDOW_REDRAW_NEEDED(4)
10-04 15:25:41.378 14552 14571 I Unity   : Handle cmd APP_CMD_GAINED_FOCUS(7)
10-04 15:25:41.378 14552 14571 I Unity   : Handle cmd APP_CMD_WINDOW_INSETS_CHANGED(17)
10-04 15:25:41.381 14552 14571 D Unity   : ANativeWindow: (1080/1920) RequestedResolution: (0/0) RenderingResolution: (0/0) EGLSurface: (1080/1920)
10-04 15:25:41.450 14552 14571 I Unity   : SetGameState: isLoading: true, mode: UNKNOWN, label: 0, quality: 2
10-04 15:25:43.514 14552 14571 D Unity   : UnloadTime: 15.017900 ms
10-04 15:25:44.075 14552 14571 I Unity   : SetGameState: isLoading: true, mode: UNKNOWN, label: -4, quality: 2
10-04 15:25:44.183 14552 14571 I Unity   : SetGameState: isLoading: false, mode: UNKNOWN, label: 0, quality: 2
10-04 15:25:44.190 14552 14571 D Unity   : Using NDK Choreographer.
10-04 15:25:44.212 14552 14571 D Unity   : Stopping Unity systrace
